Name,Class,Status,Description
Awesound,F2,0,AdWords for podcasts
BillionToOne,F2,0,Fetal genetic testing in India
Bulletin,F2,0,Airbnb for retail
Cerplus,F2,0,B2B marketplace for surplus produce
ConnectHealth,F2,0,Telemedicine and prescription delivery in Africa
Ctzen,F2,0,311 for the developing world
GTRACK Technologies,F2,0,Nanoparticle tracers for fracking
HDP Health,F2,0,Helping clinical trials find patients using AI
Ilium VR,F2,0,Rifle controller for virtual reality
Instrumentl,F2,0,Concierge service for research
Mentat,F2,0,Concierge service for jobseekers
MŸvr Labs,F2,0,Fitbit for your knees
OMG Digital,F2,0,Buzzfeed for Africa
Palaround,F2,0,Tinder for private networks
Pramp,F2,0,A free peer-to-peer technical mock interviewing platform for engineers
Queen B Robotics,F2,0,Drones for virtual reality content
Rent Scene,F2,0,Apartment hunters for busy people
Sage,F2,0,Uber for eldercare workers
SmartSite,F2,0,Automated health monitoring for construction sites
Spotbot,F2,0,Track website changes in Slack
Squire,F2,0,OpenTable for barbershops
Suto,F2,0,Personalized product recommendations on demand
Sway,F2,0,Chatbot for company finances
The Flex Company,F2,0,Menstrual product for mess-free period sex
Zube,F2,0,Project management for Github issues
Ambercycle,F1,0,Converts waste textiles into higher value chemicals
Apifier,F1,0,Web crawler that works on every website
Canvas Medical,F1,0,Canvas is a predictive charting interface designed and built exclusively for primary care
Clearbanc,F1,0,"Financial services for self-employed, freelancers, independent contractors, and entrepreneurs"
Convrge,F1,Dead,Hang out with friends in virtual reality
Cover,F1,0,Get insurance by taking a photo
DNAsimple,F1,0,Donate and find DNA samples online
EnsoData,F1,0,Sleep scoring made easy
FlightMate,F1,Dead,Flexible flight querying with automated booking
HoneyInsured,F1,0,Health insurance recommendation engine
Jetty Financial,F1,Dead,Virtual assistant to manage finances
Legion Analytics,F1,0,End-to-end sales platform
NullSpace VR,F1,0,A haptic feedback suit for VR
Pavlov,F1,0,Connect customers with the right products & services
Pawprint,F1,0,All your pet's data in one place
Restocks,F1,0,Push notifications when sold out products restock
Shypmate,F1,0,Affordable and fast international peer to peer delivery
Staffjoy,F1,0,Better work schedules in less time
StrongIntro,F1,0,Recruiting tool and service that 10xÕs your employee referrals
Structik,F1,0,Cheaper and faster industrial 3D printing
VQL,F1,0,The simplest way to see what's in your data
finbox.io,F1,0,Easy to use fundamental investing tools
Able Health,W16,0,Able Health gets doctors paid more for higher quality care
Acre Designs,W16,0,"We offer a complete package that makes it simple to build beautiful, zero energy homes."
AlphaFlow,W16,0,AlphaFlow makes investing in real estate as easy as adding stocks to your portfolio. 100% passive with unparalleled diversification
AmberBox,W16,0,Active shooter detection and self monitoring fire alarm systems - the ultimate protection for your business
Birdly,W16,0,"We let you access your software data (from Salesforce, Zendesk, Intercom, etc) through Slack"
Bonsai,W16,0,Global operating system for freelance labor
Boom,W16,0,Supersonic passenger airplanes you can afford to fly. Our subscale prototype will fly in late 2017
CareSkore,W16,0,"Predictive patient relation management for hospitals, health systems, IDNs and health plans"
Castle,W16,0,Castle manages rental homes for landlords using automation and on-demand labor
Castle.io,W16,0,Castle analyzes user behavior to stop hackers
Chatfuel,W16,0,Platform to easily create chatbots to engage with audiences on messengers
Chillabit,W16,0,Chillabit is a live feed of funny and relatable student stories that capture student life
Compgun,W16,0,Sales commission software that grows revenue
ConstructVR,W16,0,"The simplest way to test, manage, and deploy VR/AR apps at scale"
Copia,W16,0,COPIA easily connects businesses with surplus food to local nonprofits in need
Deako,W16,0,We make beautiful connected light switches that allow you to control any light in your home from any switch or your mobile phone
Deepgram,W16,0,Speech search engine and recorded call analytics for business
DevColor,W16,0,We give Black software engineers the support they need to enter and advance in the tech industry
DoseDr,W16,0,"Helping diabetes patients use the correct amount of insulin, preventing diabetes complications and hospitalizations"
Drive Motors,W16,0,Online checkout for car dealerships
Elucify,W16,0,Elucify is a data service that provides free sales leads for startups/professionals
Emburse,W16,0,Emburse allows businesses to issue virtual or physical debit cards to employees or contractors
Enflux,W16,0,Motion capture clothing that provides full immersion for VR/AR
Focal Systems,W16,0,A deep learning company building the OS for Brick & Mortar Retail
Function of Beauty,W16,0,Customized formulations of shampoo and conditioners tailored to individual hair goals and needs
Gecko Robotics,W16,0,We develop robots for industrial inspections
Georgette Packaging,W16,0,Georgette Packaging powers the relationship between small businesses and packaging manufacturers
GetAccept,W16,0,GetAccept - Reinventing the sales proposal and eSigning workflow to help salespeople close more deals
Gigwell,W16,0,"Gigwell streamlines the booking process between entertainers (performers, DJs and public speakers) and entertainment venues"
GitPrime,W16,0,Productivity analytics for software teams
GoLorry,W16,0,New age of logistics
Goodybag,W16,0,An online tool for companies to order food from restaurants and caterers
Hingeto,W16,0,We build crowdfunding sites that lets clothing brands create and sell products without the risk of inventory
HistoWiz,W16,0,Accelerating Histopathology for Cancer Research
Hykso,W16,0,Hykso builds wrist sensors for Boxing and Martial Arts that recognize which type of punches are thrown and calculate their speed
Index,W16,0,Index gets you warm introductions from your colleagues. It marries public information on people with email data on relationships
InnoVein,W16,0,We cure intractable leg wounds with a prosthetic valve for veins
Instabug,W16,0,In-app conversations and bug reporting for mobile apps. We help squash bugs in beta apps and engage users in production apps
Iron Ox,W16,0,"Robotic greenhouses for cheaper, sustainable farming"
Kip Health,W16,0,Therapy the way it should be - high quality in-person therapy sessions paired with digital support
Kisan Network,W16,0,Online marketplace for Indian agriculture
Konsus,W16,0,"On-demand freelancers for business. Email us office tasks, and we assign pre-vetted freelancers based on skill and availability"
Landed,W16,0,Landed makes buying a home more affordable and less risky by investing alongside you when you make a down payment
Lattice,W16,0,"Modern performance management software. Goal management, weekly check-ins, and 360 performance reviews"
LendEDU,W16,0,LendEDU is a marketplace for student loans and student loan refinancing
Luminist,W16,0,Data-driven diagnostic platform for early-stage cancer screening
Lygos,W16,0,Lygos engineers yeast to convert sugar into high-value industrial chemicals
Lynks,W16,0,Lynks is an e-commerce company that makes high demand products accessible to people in developing countries
Magic Instruments,W16,0,Easy-to-play musical instruments through which the user can play music without formal knowledge in music
MagicBus,W16,0,We transport commuters between cities and suburbs. We create new bus routes every day based on where people want to go
MailTime,W16,0,MailTime is an open and mobile messenger built with email technology
Mason America,W16,0,Infrastructure for mobile deployment. Build your own Android device and OS without a hardware team or modifying source code
Message.io,W16,0,The universal chatbot platform
Meter Feeder,W16,0,"Meter Feeder enables local government to accept credit card payment, for parking, without upgrading their infrastructure"
Mindori,W16,0,Mindori builds white-label voice search for e-commerce apps
MineralSoft,W16,0,Data management platform for oil & gas assets
Mux,W16,0,Video analytics & infrastructure for developers
NURX,W16,0,Nurx is the fastest way to get oral contraceptives and Truvada for PrEP
NetBeez,W16,0,Detect network problems before users do
Nova,W16,0,"Nova helps salespeople write highly personalized, 1-1 emails at scale"
OSVehicle,W16,0,OSVehicle is a B2B company that provides a ready-to-use hardware platform that lets companies produce complete electric vehicles
OpenTrons,W16,0,"We are building the PC of life-science labs - a robot connected to Mix.Bio, where scientists can download experiments to run"
Outschool,W16,0,Community marketplace of classes for kids
Pave,W16,0,"Pave analyzes Google Analytics + marketing data and sends you reports on what's working, what's not, and how to improve"
Paystack,W16,0,Modern payments infrastructure for Africa
Perlara,W16,0,"PLab is a drug discovery platform company for 5,000+ rare genetic diseases"
Petcube,W16,0,Petcube is on the mission to improve lives of pets and pet owners using technology
PhysioHealth,W16,0,An enterprise health benefits platform that rewards employees for living healthy and decreases healthcare costs
Pluot Communications,W16,0,"Big-screen video conferencing that's inexpensive, easy to set up, and easy to use"
PocketSuite,W16,0,PocketSuite lets any entrepreneur run a local business from their smartphone
Podium,W16,0,Collect and manage real-time online reviews and customer feedback
Poppy,W16,0,Poppy makes it easy for parents to find high quality childcare with just a text
Pulpix,W16,0,Content Discovery Inside Video
QueueHop,W16,0,"QueueHop is an anti-theft apparel security tag. When a payment is made via mobile, shoppers can unlock the security tag and skip checkout"
Qurasense,W16,0,Smart feminine hygiene pad
Rappi,W16,0,"Rappi delivers in minutes groceries, cash, clothing, burgers and more. Everything in Bogot‡ and Mexico delivered for under 1 dollar"
Redspread,W16,Dead,Version control for software environments
Restocks,W16,0,Push notifications for superconsumers. We make buying coveted products easy
Revl,W16,0,The worldÕs smartest action camera
SHRI,W16,0,Sanitation and Health Rights in India (SHRI) fights alongside communities to end open defecation
SOUNDBOKS,W16,0,We're creating the loudest battery-driven speaker on the market
STILT,W16,0,"We provide simple financial services to immigrants. Our first product is a loan for visa holders (F-1, OPT, H-1B, etc)"
Secful,W16,0,SECful secures APIs by detecting and profiling attackers in real-time
SendBird,W16,0,SendBird is the chat API for mobile apps and websites. We help developers build 1-on-1 messaging and group chat in 5 minutes
Sharethebus,W16,0,Book charter buses online
Shypmate,W16,0,"Shypmate enables a fast, reliable and cost effective P2P delivery for overseas shoppers"
Silver,W16,0,Low cost consumer device for toxin detection
Skymind,W16,0,"Cloudera for Deep Learning. We build deep learning solutions for fraud detection, image recognition and predictive analytics"
Spinal Singularity,W16,0,Devices to improve the quality of life for people with spinal cord injury and disease
Stealth Worker,W16,0,"We are building an marketplace where one can hire cyber security experts by the hour, at affordable rates"
Streamup,W16,0,"Streamup is a live streaming community for music. We make it fun and easy to watch, chat with, and support your favorite musicians"
StrongIntro,W16,Dead,StrongIntro helps recruiters turn their entire company into a source for engineering candidates
TRAC,W16,0,An end-to-end timing solution for any scale athletic event
Thunkable,W16,0,"Wordpress / Wix / Squarespace for native mobile apps. Drag, drop and block it to invent your own beautiful app"
Tovala,W16,0,Tovala is a smart oven that sits on your countertop and is paired with a companion meal delivery service
Toymail,W16,0,Connected toys that enable two-way voice messaging between children and their friends and family
TrendMD,W16,0,Article recommendation engine for doctors
Truebill,W16,0,"Truebill allows users to find, track and manage all their subscriptions and recurring payments from one place"
Unima,W16,0,Unima created a lab-on-paper technology that diagnoses infectious diseases faster and at a lower cost than available lab tests
UnnyWorld,W16,0,Video game development company. We are creating unique and revolutionary games
UpLabs,W16,0,"UpLabs is a place where designers & developers come to share, discover and interact with resources to build sites and apps"
VINEBOX,W16,0,"Wine by the glass, at home"
Varden Labs,W16,0,Varden Labs is an expert in self-driving technology
Wakie,W16,0,Wake is a voice conversation app. Set a topic and call someone who is interested right away
WorldCover,W16,0,"Funding platform for global insurance, starting with crop insurance in the developing world"
Yardbook,W16,0,Marketplace & Software Revolutionizing Yard Care
ZenProspect,W16,0,Helping B2B teams ramp up outbound sales
Zenysis,W16,0,For-profit company building powerful data analysis software for developing countries
flexReceipts,W16,0,Smart digital receipts for physical stores to help retailers engage customers and increase sales
iSono Health,W16,0,At-home ultrasound imaging platform for early breast cancer detection
mRelief,W16,0,mRelief has built an easy-to-use platform for low-income Americans to find out if they qualify for important social services
msg.ai,W16,0,AI for conversational commerce. Fortune 500 brands use msg.ai deep learning platform to build and manage messaging bots
80000 Hours,S15,0,Find a fulfilling career that does good
Afrostream,S15,0,The best black films and TV series
AppCanary,S15,0,"Appcanary monitors your apps and servers, and notifies you whenever you're vulnerable"
Auro Robotics,S15,0,Driverless shuttles. Safe and modern solution for in-campus travel
Bistrobot,S15,0,Bistrobot makes robots that make sandwiches
Bitmovin,S15,0,Video infrastructure for the web
Bizzy.io,S15,0,The smartest way to boost conversions from your email list
BlueCrew,S15,0,Find work that fits your. Build a flexible career with BlueCrew
Bodyport,S15,0,One step. Your whole health picture
Branch8,S15,0,One place to sell on every marketplace in the world
Breakout Room,S15,0,Instant replay for mobile apps. Record and replay every user interaction
Call9,S15,0,"Providing quality, compassionate emergency medical care to the people you love most"
Captain 401,S15,0,"The automated, affordable 401(k)"
CareLedger,S15,0,Get free medical care. Find great doctors for tests and procedures
Chaldal,S15,0,"An online shop in Dhaka, Bangladesh"
Circle Medical,S15,0,The doctor's office that comes to you
Click & Grow,S15,0,Our smart gardens make it easy to access top-quality ingredients 24/7
Cloudstitch,S15,0,Build and share spreadsheet-powered apps that work anywhere
Cofactor Genomics,S15,0,Using RNA to diagnose disease
Convox,S15,0,"Build, deploy, and manage applications with ease"
Cymmetria,S15,0,A comprehensive cyber deception solution
Drip Capital,S15,0,Future of global trade finance
Eden,S15,0,Make your office work like magic
Flirtey,S15,0,Flirtey is making drone delivery possible for everyone
Fonticons,S15,0,"Build and manage icons and typefaces in a single place, then serve them with a single line of code"
Foxpass,S15,0,Increases your organization's network security by ensuring employee accounts have access only to what they need
GO1,S15,0,Train your team quickly and easily!
Gemnote,S15,0,Premium corporate gifting made easy
Get Scale,S15,0,Automated recording of your factory's testing
Gigster,S15,0,Hire an elite development team in minutes
Give Campus,S15,0,A social fundraising and engagement platform that empowers educational institutions
GovPredict,S15,0,"GovPredict organizes, tracks, and predicts legislative and political activity"
Gravitational,S15,0,Appliations delivered as a service on any infrastructure
Greenshoe,S15,0,Cash for your everyday needs
GrowSumo,S15,0,Get paid to recommend products you love
Her,S15,0,Join your community in California and worldwide
Heroic Labs,S15,0,"Backend for game developers. Power your games' achievements, leaderboards, multiplayer, and more"
Hickory,S15,0,"A training tool focused on retention, turning your sales and customer service staff into brand experts"
InnerSpace,S15,0,A community of founders committed to building companies as great as their products
Instant eSports,S15,0,Keep up with the latest eSports news
Instawork,S15,0,The best place to find restaurant jobs
Interviewed,S15,0,Combine structured job assessments and employee testing to identify the strongest job candidates
Ironclad,S15,0,An automated assistant that manages legal paperwork for your company
Jopwell,S15,0,Land your dream job or internship
Klarismo,S15,0,Measure and track your health and fitness potential
L. International,S15,0,"For every condom you buy, one is donated to a female entrepreneur in a developing country in need"
Leada,S15,0,Remove roadblocks to your data
Livecoding.tv,S15,0,The world's leading coding livestreaming platform
Lugg,S15,0,"We load, haul & deliver anything for you. With a few taps, a truck and movers are headed your way in minutes!"
Luna Sleep,S15,0,A premium brand of mattress protection products
Maderight,S15,0,"Apparel sourcing, production, and logistics for the modern age"
Markhor,S15,0,Markhor makes shoes with attention to details
MicroHealth,S15,0,We help people using biologic meds to succeed in treatment
Mimir,S15,0,We build amazing tools for education
Nebia,S15,0,"Experience water. You've taken thousands of showers, but never one like this"
New Story Charity,S15,0,We transform slums into sustainable communities. One home at a time with video proof
Ohm,S15,0,Ohm is a drop-in replacement for your car battery
OnboardIQ,S15,0,"The most advanced hiring platform for screening and managing a modern workforce, all in one place"
Oolu,S15,0,Oolu is an innovative off-grid solar company operating in West Africa
Open Invest,S15,0,Invest with your values. Grow your nest egg with peace of mind
Paribus,S15,0,Find out for free if online stores owe you a refund
PickTrace,S15,0,"Fast, affordable PTI compliance. PickTrace was created with the farmer in mind"
Plate Joy,S15,0,The happy way to cook & feel great
PlateIQ,S15,0,Automate your restaurant finances
RedCarpetUp,S15,0,Get instant credit for any online purchase
Roomblocker,S15,0,Book hotels for groups and events. No fees or markups
Ross Intelligence,S15,0,ROSS is an A.I. lawyer that helps human lawyers research faster and focus on advising clients
Scentbird,S15,0,The thrill of new scents. 30-day supply of any designer fragrance every month
ScopeAR,S15,0,Putting knowledge where you need it
Second Measure,S15,0,See inside companies. Get an edge from consumer spending data
Serica,S15,0,SericaPay makes it easy for customers to feel confident and secure to buy products they need
Seva Coffee,S15,0,"Passion for the art of coffee, and the art of precision engineering"
ShapeScale,S15,0,Digitize your body in 3D. Know exactly where you lose fat and gain muscle
Shotput,S15,0,Effortlessly get products to customers across the world
Shred Video,S15,0,1-button video editing
Smyte,S15,0,"Our trust and safety system stops scams, spam, harassment and credit card fraud before they happen"
SourceDNA,S15,0,Code transparency for platform & app developers
Supply,S15,0,"Wireless power, through the air"
Sywork,S15,0,"Watch live illustrators. The journey is long, but it doesn't have to be lonely"
Tab,S15,0,"Powering local tourism, everywhere"
TenantTurner,S15,0,"Fewer showings, faster leases, better tenants, and happier owners"
Tesorio,S15,0,Saving for buyers. Early payments for vendors
TetraScience,S15,0,Mission control for your lab
The Ticket Fairy,S15,0,Buying tickets to events just got a whole lot better
Transcend Lighting,S15,0,The world's most efficient LED grow lights
Traversal Networks,S15,0,A new form of network intrusion detection system designed to catch unknown threats
Triplebyte,S15,0,"We're building a new kind of interview, evaluating tech skills, not credentials"
VIVE,S15,0,"The best way to book blowouts today, tomorrow, or next week"
VOIQ,S15,0,Professional sales call agents teeing-up qualified leads for your sales team
Verge Genomics,S15,0,"We use genomic data to find better drugs, faster"
Vernox Labs,S15,0,Construction project planning simplified
Vest,S15,0,Invest in peace of mind. Vest builds protected investments
Wheelys Cafe,S15,0,Organic cafes
Willing,S15,0,The best free way to make your legal will online
Xendit,S15,0,"Pay and get paid, instantly, for free"
Xfers,S15,0,Automate your online banking transactions
Zeplin,S15,0,Build pixel perfect apps in peace. Design hand-off has never been easier
teaBOT,S15,0,Experience loose leaf tea in a completely new way
zPREDICTA,S15,0,We create technology to reconstruct physiologically relevant organ-specific human microenvironments
20n,W15,0,A computational synthetic biology company
Akido Labs,W15,0,The standard API for hospitals
Atomwise,W15,0,Bold funding for big discoveries
Bagaveev Corporation,W15,0,3D printed rocket engines will power a nanosatellite launcher rocket
Bankjoy,W15,0,Mobile banking for credit unions
BlueSmart,W15,0,"The world's first smart, connected luggage"
Bonfire,W15,0,Bonfire is an RFx tool that lets purchasing teams accept and evaluate supplier submissions quickly
Booktrope,W15,0,Booktrope has pioneered an entirely new choice in book publishing
Bright,W15,0,An exclusive careers network
BuildScience,W15,0,Building management at your fingertips
Chariot,W15,0,The world's first crowdfunded network of commuter routes
Cinder,W15,0,Notifications when food is done. All in a countertop electric grill.
Cleanly,W15,0,Laundry & dry-cleaning delivered at the tap of a button
CloudMedX,W15,0,Improving patient outcomes through data
CribSpot,W15,0,Search 1000s of local houses and apartments
Dealyze,W15,0,Punch cards for the 21st century
DemocracyOS,W15,0,Get from zero to democracy in a click. Build proposals and be the change you want to see
Detroit Water Project,W15,0,You can help keep a family's water on
Diassess,W15,0,"Next generation DNA testing. Rapid results by anyone, anywhere in the world"
Direct Match,W15,0,A democratic marketplace for debt
DroneBase,W15,0,Get aerial video and data at a fraction of the cost and time
EquipmentShare,W15,0,"Rent high quality equipment at the lowest price, guaranteed"
Final,W15,0,A credit card built for the 21st century
GitLab,W15,0,"Create, review and deploy code together"
GiveMeTap,W15,0,Each bottle purchased gives a person in Africa clean drinking water for 5 years
Giveeffect,W15,0,"Fundraising, volunteer, and donor management software for your nonprofit"
Gradberry,W15,0,Gradberry recommends you to the best jobs in tech by checking your code
GroupAhead,W15,0,Connect your members with your own mobile app
GrubMarket,W15,0,Wholesome foods at wholesale prices
HigherMe,W15,0,Get matched to your perfect job. Thousands of jobs around you
Industrial Microbes,W15,0,We upgrade natural gas to chemicals using synthetic biology
InsiteVR,W15,0,The easiest way to visualize your designs in virtual reality
Instavest,W15,0,Replicate the world's best investments
KickPay,W15,0,Kickpay is a marketplace where businesses can sell their invoices
Kickback,W15,0,Kickback lets you make money playing video games by betting on yourself
Kuhcoon,W15,0,Cross-channel ad campaigns automated with performance data
Labdoor,W15,0,"Research, find, and buy the best supplements"
Level,W15,0,"Beautiful, gallery-style frames delivered right to your door"
Luka,W15,0,Luka uses AI to find and book the best places to eat through a chat interface
Lully,W15,0,Lully is scientifically proven to stop night terrors
Lumi,W15,0,Design and order custom-manufactured goods for your business or creative project
Magic,W15,0,Text this phone number to get whatever you want on demand with no hassle
MashGin,W15,0,Automated retail checkout using computer vision
Meadow,W15,0,Buy medical cannabis delivered from local dispensaries
MetricWire,W15,0,Research wherever you are
Moltin,W15,0,The quicker way to build eCommerce applications
NexTravel,W15,0,NexTravel helps companies save time and money on travel
Nomiku,W15,0,"Nomiku combines accuracy, versatility and fun in equal measures"
Notable Labs,W15,0,Notable Labs helps doctors find combinations of FDA approved treatments that brain cancer patients can use today
Omniref,W15,0,"Omniref is a code-based reference, maintained by and for the programming community"
Open Listings,W15,0,Buy a home without a realtor and save 50% on fees
Outbound,W15,0,Better messages for web and mobile apps
Pachyderm,W15,0,Pachyderm allows you to store and analyze your data using containers
Pakible,W15,0,Design custom packaging for products
Paperspace,W15,0,"A super fast, virtual computer you can use for anything"
Pigeonly,W15,0,"We make inmate services affordable and easy to use, saving you time and money"
Platzi,W15,0,"Livestreamed classes on programming, design, business and marketing. Learn from industry leaders"
Pomello,W15,0,"Pomello's data-driven technology helps map company culture, and score applicants for fit"
Popular Pays,W15,0,Get exposure on Instagram & photos for your brand
Pretty Instant,W15,0,Capture the magic moments. On-demand photography for your life & office
Priime,W15,0,A powerful new photo editor for iPhone
Pushmarket,W15,0,Automate personalized emails for eCommerce
Raven Tech,W15,0,We are building the next generation OS
Razorpay,W15,0,Online payments for India
ReSchedule,W15,0,ReSchedule Med provides an end-to-end work flow to manage graduate medical education scheduling
ReadMe,W15,0,Beautiful documentation made easy
Rescue Forensics,W15,0,Our intelligence solution equips you to defeat human traffickers
SIRUM,W15,0,"Sirium saves lives by connecting unopened, unexpired medications to patients in need"
Seed,W15,0,Small business banking for innovators
Shift Messenger,W15,0,Free app for getting shifts covered
ShiftLabs,W15,0,"We build simple, elegant medical devices"
SigOpt,W15,0,"Tune your experiments automatically to get better results, faster"
Slidemail,W15,0,An intelligent email app
Smarking,W15,0,Maximize returns from your parking assets
SmartHires,W15,0,"Get high-quality candidates, shared by companies you trust"
Smartspot,W15,0,SmartSpot is the first fitness equipment that tracks and corrects your form in real time
Spark Gift,W15,0,Give the gift of stocks and index funds to friends and family
Spire,W15,0,"Spire is a device that captures your breathing patterns, and makes them meaningful and actionable"
Spoil,W15,0,We're creating something that will make the world a happier place through giving & receiving
Standard Cyborg,W15,0,Our first product is a waterproof 3D printed prosthesis for below-the-knee amputees
Supply,W15,0,"Wireless power, through the air"
TaskPipes,W15,0,"With TaskPipes, you can pull in data from emails and elsewhere, and manipulate it the way you need"
TeamNote,W15,0,Mobile productivity
Techlist,W15,0,Techlist is an online service to help investors track startups in Asia
TheMidGame,W15,0,Quickly identify expert content creators to engage your target audience
Trackin,W15,0,"Trackin gives you full control of your deliveries by connecting managers, drivers and customers"
Transcriptic,W15,0,"Access a fully automated cell and molecular biology laboratory, all from the comfort of your web browser"
Transitmix,W15,0,The new standard in transit planning
Treeline,W15,0,Develop backend apps in your web browser
Underground Cellar,W15,0,"Curated, limited-edition wines with a twist"
Valor Water Analytics,W15,0,Transforming your data into improved revenue performance
Vanhawks,W15,0,"With your help, we can make Valour the bike of the future, and change the urban commute forever"
Vertical,W15,0,WeÕre building tools to push drone technology to its limits
VetPronto,W15,0,The highest quality and most convenient veterinary care
Way Up,W15,0,Get hired. Jobs and internships for college students
WorkLife,W15,0,"WorkLife is a web and mobile app that helps you run highly productive, engaging meetings"
Yhat,W15,0,Helping businesses draw value from data science
Zenflow,W15,0,Giving new hope to men suffering from BPH symptoms
analyticsMD,W15,0,Streamline hospital operations using real time optimization
eBrandValue,W15,0,Accelerate marketing and product through social
Aptible,S14,0,HIPAA Compliance for Healthcare Innovators
Backpack,S14,0,Explore unique products to backpack
Bannerman,S14,0,Better security guards. Anytime. Anywhere.
Bayes Impact,S14,0,We use data science to save lives
Beep,S14,0,Control all your speakers with your phone
Bikanta,S14,0,Bikanta has developed nanodiamond-based technology that will redefine tomorrow's medical imaging
BillForward,S14,0,A highly flexible & unified billing platform. Built for high growth & enterprise companies
BitAccess,S14,0,The easiest way to buy and sell bitcoin
BlockScore,S14,0,Real-time identity verification and due diligence
Carlypso,S14,0,Buy pre-owned cars 100% risk free with Carlypso
Checkr,S14,0,Automated background screenings and driving records
ClearTax,S14,0,The easiest way to e-File income tax returns in India
Craft Coffee,S14,0,A better way to buy coffee
Doblet,S14,0,Doblet is a network of batteries on demand. Stay charged everywhere you go
Fixed,S14,0,Get the ticket and point dismissed
Flynn,S14,0,"Flynn deploys apps, scales apps, and manages databases with best practices right out of the box"
Flytenow,S14,0,Go flying with local pilots
Ginko Bioworks,S14,0,At Ginkgo Bioworks we are expanding the role of biology in our world
Glowing Plant,S14,0,Natural lighting without electricity
Greentoe,S14,0,Name your price & we negotiate for you
HauteDay,S14,0,"Haute Day was created to make shopping more fun! Every day, our community submits their best new fashion finds"
Helion Energy,S14,0,We are a proven team of entrepreneurs and scientists who are making fusion happen
Impraise,S14,0,Continuous feedback between co-workers
Lawn Love,S14,0,The very best lawn care services
MTailor,S14,0,Get measured by your phone in under 30 seconds for the perfect fitting custom shirt
Naytev,S14,0,Naytev identifies viral content before it trends
Neptune.io,S14,0,Remediation as a service for DevOps
Nightingale,S14,0,Insightful data = meaningful results. Optimize clinical outcomes with data science
One Codex,S14,0,One Codex is a data platform for applied microbial genomics
Onename.io,S14,0,Blockchain ID. A better identity
Parenthoods,S14,0,Meet local parents like you
PersistIQ,S14,0,Smart drip campaigns for outbound sales
PicnicHealth,S14,0,Medical records done for you. All your records from all your doctors
ProductHunt,S14,0,"Product Hunt is a curation of the best new products, every day"
Rigetti Computing,S14,0,On a mission to build the world's most powerful computer
Roomstorm,S14,0,Hotel booking platform tailored to help airlines with accommodating passengers from delayed and cancelled flights. Formerly known as WalkSource.
Roost,S14,0,Notifications for all. On page and off page. Get set up in minutes for desktop & mobile.
Shift Payments,S14,0,Shift Payments is changing the way money changes hands
ShipBob,S14,0,"You sell it. We pick-up, package & ship it"
Shout,S14,0,Marketplaces for passionate groups. Buy and Sell what you love with your people
Sliced Investing,S14,0,Sliced provides technology to help financial advisors deploy to alternatives
Theorem,S14,Dead,The marketplace for independent fashion
TicketLabs,S14,0,Enhance your marketing with real fan data
Tiempo,S14,0,We help small businesses manage and pay contractors
Tule,S14,0,Crop water use monitoring. Daily measurements at field scale
UPower,S14,0,"The only always-on, emission-free, megawatt-scale atomic generator"
Vatler,S14,Dead,An on-demand valet service in San Francisco
Vizera Labs,S14,0,Vizera brings an unprecedented shopping experience to retail showrooms
Weave,S14,Dead,Professional networking to arrange meetings and friendly discussions.
Zen99,S14,Dead,"1099 tax help for rideshare drivers, delivery drivers, housekeepers, and more"
Zenamins,S14,0,Vitamins reinvented. Personalized and designed for you
Zip Phone,S14,Exited,"Zip Phone lets users make secure, WiFi-enabled calls"
uBiome,S14,0,Explore your microbiome
42,W14,0,"Grow Revenue Big data made simple. Leave the numbers to us, we'll give the answers to insights you want to see."
Abacus,W14,0,Say goodbye to expense reports.
AirHelp,W14,0,If you've been on a delayed or cancelled flight or been denied boarding within the last three years you could be entitled up to $800 from the airline.
AirPair,W14,0,"The World's Best Software Experts at your finger tips, on-demand through video chat & screen sharing."
Algolia,W14,0,"Build Realtime Search. A powerful API built for developers, Algolia delivers relevant results in your apps and websites from the first keystroke."
Ambition,W14,0,Office productivity with a purpose.
AptDeco,W14,0,Furnishings by owner. Delivery to you. The destination marketplace for quality gently used furniture.
Beacon,W14,0,Fund one writer for $5 a month. Get access to every story on Beacon.
Bellabeat,W14,0,"Bellabeat allows you to connect with your unborn baby and share your experience with friends, family and other future moms."
Boostable,W14,0,Advertising made easy for sellers on marketplaces.
Cambly,W14,0,Private language tutors on-demand.
Camperoo,W14,0,Thousands of the best summer camps and year-round activities in your area and beyond.
CareMessage,W14,0,Empower at-risk patients to become better healthcare consumers.
CodeCombat,W14,0,Learn to code javascript by playing a game.
CodeNow,W14,0,Creating the developers of the future.
Eventjoy,W14,Exited,"Fee-free ticketing, optimized for mobile."
Framed Data,W14,Exited,Acquired by SquareÊFramed retains your users. Framed Data knows how your users behave and warns you when they're about to leave.
Gbatteries,W14,0,BatteryOS is a new way of controlling rechargeable lithium-ion batteries that enables any normal battery to have higher capacity and not degrade over time.
Gobble,W14,0,Let someone else do the cooking. Wholesome family dinners delivered fresh every night.
HoverChat,W14,0,HoverChat enables true multitasking by allowing you to read and reply to incoming messages without ever leaving your current screen.
Immunity Project,W14,0,We're developing a free vaccine to end HIV and AIDS
Kimono,W14,0,Turn websites into structured APIs from your browser in seconds.
MadeSolid,W14,0,Making materials matter. Developing advanced materials for your 3D printer.
Memebox,W14,0,"Memebox is a rapidly-growing, leading e-commerce beauty retailer."
Minuum,W14,0,The best keyboard for smart watches.
Move Loot,W14,Dead,The easiest way to buy and sell furniture.
Next Caller,W14,0,Know your caller. The most advanced caller identification platform in the world.
Noora Health,W14,0,Noora Health empowers patients and their families with high-impact medical skills to recover from their condition and improve health outcomes.
One Degree,W14,0,"Community resources, just for you. The easiest way to find, manage, and share nonprofit services for you and your family."
Orankl,W14,0,We help you sell more. Smart email marketing and reviews at the distance of a click.
Piinpoint,W14,0,Location analytics made simple. PiinPoint enables businesses to find the best locations for expansion.
Povio,W14,0,Povio enables you to start communicating with friends in the most comfortable way.
Pushbullet,W14,0,"Pushbullet connects your devices, making them feel like one"
Rickshaw,W14,0,Same day delivery has never been this easy.
Rocketrip,W14,0,"Reduce travel spend, improve employee culture. It's business travel made personal."
Sendwithus,W14,0,Transactional Email Made Easy. Stop trapping your email in source code. Set it free.
Shoobs,W14,0,Your night starts here.
SketchDeck,W14,0,We make your presentations look great.
StackLead,W14,0,"The research you need to understand every new user, delivered to your inbox when they sign up."
Style Lend,W14,0,Live fashionably. Borrow & Lend Designer Dresses with local Fashionistas.
Superhost,W14,0,Your Personal Airbnb Assistant. The easiest way to manage your Airbnb listing!
Taplytics,W14,0,Mobile A/B testing for everyone on iOS. With the world's most fully featured mobile A/B testing platform.
TerrAvion,W14,0,Getting an aerial imagery subscription to manage your farm's operations is easy!
The Dating Ring,W14,Dead,"We're making dating fun again. We meet all of our members and set up dates. It's like meeting through friends, except much, much better."
Threadable,W14,0,Mailing lists evolved. Threadable makes group email less noisy and more actionable.
TradeBlock,W14,0,TradeBlock serves financial institutions with execution and analysis tools that capitalize on the potential of blockchain technologies
TrueVault,W14,0,Secure API to store health data. HIPAA compliance made easier for healthcare applications
Two Tap,W14,0,Users can now order any product directly in your app with Two Tap.
Unbabel,W14,0,Translation as a service. Human corrected machine translation service that enables businesses to communicate globally.
Vidpresso,W14,0,Social media on air.
Weave,W14,0,Better phone service for your dental practice that syncs with your dental software.
Wit.ai,W14,Exited,Natural Language for the Internet of Things.
Zesty,W14,0,Zesty lets you order healthy meals from your favorite local restaurants.
Zidisha,W14,0,An online microlending community that directly connects lenders and borrowers
Zinc,W14,0,"Zinc is the best way to buy. Pay with with Dwolla or Bitcoin, and manage all your orders in one place."
ZowPow,W14,0,Play mobile games with plush toy characters!
7 Cups of Tea,S13,0,Want to talk? Connect with someone who will really listen.
Amulyte,S13,Dead,An Emergency Response System. Reimagined.
Apptimize,S13,0,The Complete Mobile A/B Testing Solution
Asseta,S13,0,"The most transparent platform ever for buying, selling, and managing parts."
Bloomthat,S13,0,Ridiculously fast flowers. Handcrafted bouquets. Starting at $35. Delivered in 90 minutes.
Buttercoin,S13,Dead,Trade bitcoin with ease.
Casetext,S13,0,Casetext is where the best lawyers research and write about the law
CoreOS,S13,0,"Linux for Massive Server Deployments CoreOS enables warehouse-scale computing on top of a minimal, modern operating system."
Cratejoy,S13,0,An easy way to launch your own subscription business
Crowdery,S13,0,Early access to great design.
DataRank,S13,Exited,Gain Insights into your Customers and Competitive Market by monitoring the highest quality online data in real-time.
DoorDash,S13,0,Your favorite local restaurants delivered to you.
EasyPost,S13,0,"Shipping for developers. EasyPost allows you to integrate USPS, UPS, DHL and FedEx shipping APIs into any application in minutes."
Estimote,S13,0,Estimote beacons real world context for your apps.
FanHero,S13,Dead,Let your fans support you. The easiest-to-make storefront for creators.
Floobits,S13,0,Floobits lets you code like you're in the same room.
Glio,S13,0,Amazon Marketplace for Latin America
GoComm,S13,0,Your team communications made clear.
Graft Concepts,S13,Dead,Makers of unique iPhone cases.
Hackermeter,S13,Exited,Acquired by Pinterest.ÊHackermeter pairs talented developers with great jobs
Hum,S13,Dead,"HUM, simply redefining the inbox one chat at a time."
Kivo,S13,Dead,Get feedback on your presentations.
Le Tote,S13,0,Welcome to your dream closet. Rent unlimited looks each month.
Lob,S13,0,Power your printing and mailing with Lob. A simple API to integrate print & mail solutions into your applications.
LocalOn,S13,0,Essential tools for running your Merchants Association.
Lumoid,S13,0,"Rent and own high-quality gear and accessories, starting at $5/day. Simple, affordable and fast!"
Meta Space Glasses,S13,0,The first holographic interface.
One Month,S13,0,"Learn how to code websites, build apps, and grow your business."
OrbsCCG,S13,0,The next generation collectible card game... with asynchronous mode!
Panorama Education,S13,0,"More than 4,000 schools use Panorama for data analytics and feedback surveys of teachers, parents, and students."
Prim,S13,Dead,Same day laundry delivery.
RealCrowd,S13,0,Featured investments available for funding.
Reebee,S13,0,Flyers at your fingertips! Simple. Fast. Free.
Regalii,S13,0,Food credit straight to your phone.
Senic,S13,0,Smarter sensing.
SimpleLegal,S13,0,Make sense of your legal bills.
SoundFocus,S13,0,Hear your music in 20/20.
SpoonRocket,S13,Dead,Most convenient meal ever.
Standard Treasury,S13,0,APIs for commercial banks.
StatusPage,S13,0,Better Server Status Communication The best way to create a status page for your app or website. Just ask New Relic.
Teleborder,S13,Dead,"Immigration, tax, and relocation. All in one place. Teleborder helps you scale your business."
True Link Financial,S13,0,We keep a watchful eye out for fraud and spending mishaps so you can spend your time doing what matters.
URX,S13,Exited,"Add urx.io/ to every link and drive users to your app, mobile website, or desktop browser."
Watchsend,S13,0,Record your iPhone app.
Webflow,S13,0,"Build beautiful, responsive websites without code."
Weilos,S13,Exited,Weilos is the most motivational fitness and weight loss community.
ixi-play,S13,Dead,"The Robot Buddy kids will love! Engage, Challenge, Learn."
Airware,W13,0,Airware specializes in the development of autopilots for unmanned aircraft systems.
Beatdeck,W13,0,"Free, powerful social metrics combined with effective campaign feedback."
Bitnami,W13,0,The App Store for server software. Run any app on any platform.
BuildZoom,W13,0,"BuildZoom is your one-stop shop for getting a house built, remodeled or repaired."
CircuitLab,W13,0,"We're making it easier for engineers, students, and hobbyists to design, analyze, build, and share circuits."
Coin,W13,0,"Coin is a secure, connected device that can hold and behave like the cards you already carry"
CrowdMed,W13,0,CrowdMed is revolutionizing healthcare by harnessing Ôthe wisdom of crowdsÕ to help solve even the worldÕs most difficult medical cases quickly and accurately online.
Errplane,W13,Dead,"Monitoring, error reporting, and metrics for all your applications."
Experiment,W13,0,Experiment is a crowdfunding platform for science and academic research.
Fivetran,W13,0,Spreadsheets for big data.
FlightCar,W13,Dead,FlightCar lets people parking at the airport rent their vehicles out to other travelers. Never pay for airport parking again.
Goldbely,W13,0,Our vision is an online marketplace that connects curious eaters with America's best gourmet food purveyors.
Heap Analytics,W13,0,"Heap automatically captures every user action in your web app and lets you measure it all. Clicks, form submissions, page views, and more."
Lawdingo,W13,0,"Talk to a lawyer online. Get the legal advice you need, hassle- and commitment-free."
Lollipuff,W13,0,Lollipuff is the premier online auction site for high-end designer apparel and accessories.
Medisas,W13,0,"Great healthcare, powered by great software."
Meldium,W13,0,"Meldium automates away the tedious, error-prone, and insecure parts of account management so you can do more work with less IT."
Myo,W13,Dead,"The MYO armband lets you use the electrical activity in your muscles to wirelessly control your computer, phone, and other favorite digital technologies."
Padlet,W13,0,"An easy way to create and collaborate, where people can put any content anywhere on the page"
PayTango,W13,0,PayTango links the cards in your wallet to your fingerprints.
Posmetrics,W13,0,Posmetrics provides iPad-based customer feedback surveys that are mounted right at the point of purchase.
Prizeo,W13,0,A fundraising platform enabling celebrities to use their fan bases to raise money and awareness for their chosen causes.
Screenhero,W13,0,"Collaborative screen sharing. You each get your own mouse, and you're both always in control."
Semantics3,W13,0,"Curated database of products and prices. 50 million distinct prices from 20 million products, refreshed constantly."
SimplyInsured,W13,0,Simple health insurance for small businesses.
Strikingly,W13,0,"Gorgeous, mobile-optimized sites in minutes."
StyleUp,W13,0,"Weather-appropriate fashion advice tailored to your life and style, every day."
Svbtle,W13,0,Svbtle is publishing network that brings some of the best things from newspapers and magazines to a network of great people.
SwapBox,W13,0,With Swapbox you no longer have to worry about missing deliveries. Use your Swapbox shipping address and your packages will be waiting for you at our nearest location.
Swish,W13,0,"Simple, secure mobile payments using your phone"
Teespring,W13,0,Create and sell custom t-shirts with zero upfront costs.
Terascore,W13,Dead,"Set up exams, tests and assessments with ease. Get student answers securely. Get them graded instantly."
Watsi,W13,0,Watsi is an online peer-to-peer crowdfunding platform that allows users to fund life-changing medical treatments for underserved people in developing countries.
WeFunder,W13,0,We aim to give everyone - regardless of wealth - the opportunity to invest in startups.
Wevorce,W13,0,"Wevorce's divorce services ensure kids come first, costs remain affordable and everyone stays out of court."
Zaranga,W13,0,Find a professionally managed vacation rental.
Zenefits,W13,0,"Zenefits runs your benefits, so you can run your business. Get affordable benefits for your company in minutes. Then set and forget them."
9GAG,S12,0,An online platform and social media site based around funny pictures and content
AdsOptimal,S12,0,Maximize your revenue with amazing ads
Airbrite,S12,0,Airbrite is a cloud-enabled platform that powers mobile commerce We are the next generation of e-commerce. Our mobile-first API powers modern shopping.
Amicus,S12,0,"Amicus empowers cause-driven organizations to leverage the social networks of their supporters, raise more money, attract more members, and win more votes."
Authy,S12,0,Authy makes it easy to add optional two-factor authentication to your application
BigCalc,S12,Dead,"Fast, scalable financial analytics. BigCalc lets quants and algo traders run simulations on limitless amounts of historic data."
BoostedBoards,S12,0,Boosted Boards builds the world's lightest electric longboards.
BufferBox,S12,0,"Ship parcels to BufferBox for quick, convenient & secure pick-up anytime. Never miss a delivery again."
Canopy Labs,S12,0,Canopy Labs provides a powerful platform for businesses wanting to build and apply customer models.
Circular,S12,Dead,Circular offers an infinitely scrolling feed of content based on people you follow and topics that interest you.
Clever,S12,0,Build educational applications that just work.
Coco Controller,S12,Dead,A Kickstarter project that adds directional controls and game buttons to almost any phone
Coinbase,S12,0,Your Hosted Bitcoin Wallet. Coinbase is the easiest way to get started with Bitcoin.
Collections,S12,0,"Finder for the cloud. Google docs, Facebook, Instagram."
DataNitro,S12,0,Supercharge Excel. Script your spreadsheets with Python.
Diaspora,S12,0,Social freedom. The online social world where you are in control.
Double Robotics,S12,0,"Double is the simplest, most elegant way to be somewhere else in the world without flying there. Wheels for your iPad."
Dreamforge,S12,0,We believe that 3D printing will fundamentally reshape our relationship with the products and items we use
Easel,S12,Dead,"Easel is an in-browser, high-fidelity web design tool that lets you mockup, share and implement your ideas with ease."
Eligible,S12,0,Real Time Eligibility Checks for Health Insurance.
Everyday.me,S12,Dead,Everyday.me is an automatic journal that helps you to record your life and store it forever.
Filepicker.io,S12,0,Filepicker.io connects mobile & web applications to user content.
FlightFox,S12,0,Flightfox is a platform for crowd-sourced flight search.
Fullstack Academy,S12,0,Fullstack Academy is a 12-week immersive coding school that turns great people into great developers.
FundersClub,S12,0,A web service that gives investors unprecedented access to investment opportunities and the tools to review and invest online with ease and speed
GetGoing,S12,0,GetGoing is a San Francisco based technology company developing innovative search and booking solutions for the global airline industry.
Grid,S12,0,A Simply Remarkable Spreadsheet.
HD Trade Services,S12,0,Mobile and cloud based logistics software.
Healthy Labs,S12,0,Healthy Labs builds networks to connect patients so they can learn from each other.
HiMom,S12,0,HiMom - Stay in touch with your parents. Share precious moments in digital- and physical postcards.
HipType,S12,Dead,Hiptype brings analytics and targeted advertising capabilities to the most popular eBook platforms
Hubchilla,S12,0,HubChilla matches you up to similar users and lets you talk to them over SMS.
Instacart,S12,0,A Grocery Store on Your Phone. Delivery to your doorstep within minutes.
Kamcord,S12,0,Kamcord allows users to record and share their awesome gameplays without having to leave their games.
Keychain Logistics,S12,0,Need Reliable Carriers? Keychain's proprietary technology gives you unprecedented access to our nationwide network of qualified drivers.
Kippt,S12,Dead,With Kippt we want to make your information workflow and archiving effortless.
Knowmia,S12,0,"Where great teachers help you succeed in high school. Search for a topic. Over 8,000 video lessons and counting."
LeanMarket,S12,0,Lean Startup Machine is the world's leading bootcamp on Lean Startup methodology.
Lever,S12,0,"A fresh take on the applicant tracking system, Lever combines ATS and CRM functionality to source, nurture, and manage candidates all in one place."
LightTable,S12,0,A new interactive IDE that lets you modify running programs and embed anything from websites to games
Markupwand,S12,Dead,Photoshop to html & css. Generates automatically in minutes
MicroEval,S12,Dead,Say goodbye to long forms and meaningless numbers. MicroEval is the quickest and most meaningful way to give feedback to your employees.
Mth Sense,S12,0,"Our goal is to be THE answer to the mobile monetization problem. The first step is to solve the problem of ""blind"" ads. Hence our focus on targeting."
MyVR,S12,0,MyVR is online marketing software that allows vacation rental owners and operators to manage all of their vacation rental marketing in one place.
Newsblur,S12,0,Focus on the best stories from your friends and favorite blogs.
Parallel Universe,S12,0,"Parallel Universe, a Y-Combinator startup, makes middleware that enable easy scaling for real-time spatial applications."
Perfect Audience,S12,0,Fast & Easy Facebook Retargeting. Retarget lost customers on Facebook and get more sales.
Plivo,S12,0,Plivo is a cloud based API platform to build Voice and SMS Applications.
Profig,S12,Dead,"Profig provides transcriptions, call tracking, voice broadcasting, CRM integration and other custom features to businesses."
QuicklyChat,S12,0,QuicklyChat is a quick way for coworkers to video chat with each other when they're working remotely.
ReelSurfer,S12,0,ReelSurfer lets anyone clip and share any video from any website.
Refer.ly,S12,0,Referly is an Online Referral System for Your Social Network.
RegistryLove,S12,0,RegistryLove lets you register products and services from anywhere & consolidate them all onto ONE registry
Rent.io,S12,0,Set Rent Accurately. Rent.io helps you set competitive pricing for rental properties.
Scoutzie,S12,Dead,Scoutzie.com is a curated marketplace for design.
SmartAsset,S12,0,SmartAsset makes life's biggest decisions easier by bringing full transparency to the financial decision making process.
SpinPunch,S12,0,SpinPunch makes infrastructure for high performance browser games to rival PC and console titles.
Sponsorfied,S12,0,Sponsorfied is an online marketplace for sponsorships that connects brands with relevant sponsorship opportunities with the click of a button.
Statwing,S12,0,Web-based statistical analysis software that speaks in plain english instead of arcane stats jargon.
StudyEdge,S12,0,Better Grades. Less Frustration. We help you get better grades in your college classes with less time spent studying.
Submittable,S12,0,"A cloud-based submission management platform used by businesses, publishers and art organizations to curate and accept payments with submissions"
Survata,S12,0,Survata is a new type of market research and consumer insights service.
TapIn,S12,Dead,TapIn is the easiest way to go from seeing to sharing. Broadcast mobile videos instantly.
Tastemaker,S12,0,Tastemaker aims to make interior decorating affordable and accessible to everyone.
TomoGuides,S12,0,"Handcrafted iPhone travel guides that are free, offline, and just plain full of awesomeness."
Tracks.by,S12,0,The best way for artists to release new music and videos.
Vastrm,S12,0,"Custom Fit, Perfect Fit, Personalized Polos, T-shirts."
Vayable,S12,0,"Vayable is an online marketplace where people can discover, buy and sell unique travel experiences, including tours, activities and extended trips"
ViaCycle,S12,0,ViaCycle creates advanced bicycle sharing technology that allows easy deployment and administration.
Virool,S12,0,"Get your video seen by millions of people! Leverage our platform to distribute your video to people you want on blogs, social games, and mobile apps"
VoiceGem,S12,Exited,VoiceGem is the easiest way to send a voice message to anyone.
Zapier,S12,0,Zapier lets SaaS users create integrations that push data between dozens of different web applications without having to write any code or wrangle APIs
imgfave,S12,0,A fun image sharing community. Explore amazing art and photography and share your own visual inspiration!
42floors,W12,0,42Floors makes office space rentals and commercial real estate listings easier to search
99dresses,W12,0,99dresses allows users to trade the fashion items with other users.
Anyperk,W12,0,AnyPerk offers discounts on web-services as employee perks.
Ark,W12,0,Ark.com is a search engine for people. Find new people. Reconnect with old classmates. Make new business contacts. Search your friends.
Carsabi,W12,Exited,Carsabi is a search engine for used cars.
Coderwall,W12,0,Coderwall is a site for developers to profile what projects they are up to and learn from others.
Crowdtilt,W12,0,"Crowdtilt allows users to pool funds for objectives in a simple, social, and frictionless way online."
Dealupa,W12,0,"A fresh, new way to shop daily deals."
Embark,W12,Dead,"Embark makes it easy to get around without a car. We make free, fast, and simple mobile apps for mass transit riders worldwide."
EveryArt,W12,0,"everyArt allows you to commission an art piece from a diverse portfolio of artists on the web, all excited to collaborate with you on your masterpiece."
Exec,W12,0,Exec lets you outsource the things you don't want to do in life. Let our background checked Execs help you get things done today.
FamilyLeaf,W12,0,FamilyLeaf is a private place to share your life with your family.
FarmLogs,W12,0,FarmLogs makes it incredibly simple to always know what's happening on your farm. Start saving time and money. Ditch the spreadsheets and paper records!
Flutter,W12,Exited,Play and pause your music and movies with a gesture!
Flypad,W12,Dead,"Flypad turns your iPhone into a motion-sensing game controller for PC, Steam, & indie games."
Givespark,W12,Dead,Where fans and celebrities gather for good.
Grouper,W12,0,We're a social club that sets up drinks between 2 groups of friends. 3 guys & 3 girls.
HackPad,W12,Exited,Smart collaborative documents. Company wiki. Personal notes. Event planning. Classroom collaboration.
HireArt,W12,0,"Brilliant job seekers, delivered. Screen and source job candidates through work samples and video interviews."
Jellyfish Art,W12,Exited,We sell pet jellyfish in specialized aquariums
Kyte,W12,Dead,Kytephone is a free app that transforms an Android smartphone into a safe and fun smartphone for kids.
LVL6,W12,Dead,LVL6 creates social mobile games on Android and iOS.
LendUp,W12,0,Our mission is to expand access to credit and lower the cost of borrowing
MakeGamesWithUs,W12,0,The Easiest Way to Build an iPhone Game. Period.
MatterPort,W12,0,"Matterport is a revolutionary 3D scanner that allows anyone to create digital models of interior spaces quickly, easily, and automatically."
Medigram,W12,Dead,Healthcare communication made simple. Medigram provides a HIPAA-compliant communication platform to make any medical conversation convenient and secure.
Midnox,W12,Dead,Create stunning HD videos and share them with your friends.
MineFold,W12,0,"Simple Minecraft servers. Available instantly, free to play for 10 hours a month."
Pair,W12,Dead,Pair is an app just for the two of you.
Per Vices,W12,0,Hardware that allows software developers to write applications to interact with all types of wireless signals and wireless devices
PlanGrid,W12,0,PlanGrid was created to save contractors time.
PopSet,W12,Dead,"Popset is the easiest way to start group photo albums with friends, directly from a mobile phone."
Priceonomics,W12,0,Priceonomics is the price guide for everything.
ScreenLeap,W12,0,Share your screen instantly to any device with a browser.
SendHub,W12,0,SendHub is a fast and simple way for professionals to communicate.
Shoptiques,W12,0,Shoptiques.com brings boutique shopping online.
SocialCam,W12,Exited,Socialcam is a new mobile video application coming to both iPhone and Android.
Sonalight,W12,0,Sonalight is an app that lets you text whilst you drive.
Swiftype,W12,0,Swiftype is building search software for the next generation of websites and applications.
TiKL,W12,Dead,"An Android and iOS app that turns your phone into a real-time push-to-talk walkie-talkie that also sends texts, voicemail, images, and video."
Your Mechanic,W12,0,"Hire mechanics that will come to your home or work to fix your car. Save 20% or more on car repairs. Convenient, affordable and transparent."
ZenPayroll,W12,0,"We are creating beautiful, modern payroll."
Zillabyte,W12,Dead,Zillabyte is an online big-data analysis platform currently in stealth mode.
chute,W12,0,"Chute is a cloud platform that helps apps and sites capture, manage, and display media files"
iCracked,W12,0,"iCracked provides local iPhone, iPad, iPod, and Samsung repair and trade-in in the United States and eight other countries around the world."
theDailyMuse,W12,0,The Daily Muse is visually engaging job search and related career resources.
AgileDiagnosis,S11,0,"The central place for clinical guidelines, providing clinicians with access to expertise and information in a format they can apply in their practice"
Aisle50,S11,Dead,"Aisle50 is the first group-buying outlet for groceries, a $2 trillion business. The best way to save on your groceries."
B2Brev,S11,Dead,"We'll help you make smart and easy decisions on products and services based on honest reviews, from one business to another"
Can't Wait,S11,Dead,Be the first to hear about movies that you will love!
Citus Data,S11,0,"CitusDB is a distributed database that lets you run SQL queries over very large data sets. Designed for analytical queries, CitusDB enables real-time responsiveness."
Codecademy,S11,0,"Codecademy is a web-based programming tutorial designed to teach JavaScript, HTML, CSS, JQuery and Python"
Compose,S11,Exited,Acquired by IBM in July 2015.ÊDatabase-as-a-Service for hosting and managing MongoDB instances
DebtEye,S11,Dead,"We are an automated credit counseling solution to help customers get out of debt, a little like a Òturbo taxÓ for those who need debt relief."
DoubleRecall,S11,0,DoubleRecall is a recall based advertising platform and monetization solution for online media and mobile.
EveryMe,S11,Dead,"We believe most stories are meant to be shared with your family and best friends, not 500 strangers. Everyme lets you choose who to share with and how."
Firebase,S11,Exited,A scalable real-time backend for your web app. Build apps really fast without the hassle of managing servers.
FreshPlum,S11,Dead,Freshplum's goal is to bring the decision-making power of data science to companies who sell goods and services electronically.
Glassmap,S11,Exited,"Glassmap is a simple, beautiful way to show your friends where you are and what you are doing."
GoCardless,S11,0,GoCardless is a UK-based service that allows smaller merchants to easily set up interbank transfers for customers.
Habit Labs,S11,Dead,Habit Labs aims to turn leading a healthier life into a game.
Interstate,S11,Dead,The future of open project management. Keep users away from competitors by keeping them in the loop with your product's development.
InterviewStreet,S11,0,Interviewstreet helps you to create customized programming tests and evaluate candidates based on their programming skills before proceeding for an interview
Kicksend,S11,Dead,"Kicksend allows friends and family to easily share files in real-time on the web, mobile, and desktop."
Launchpad Toys,S11,Exited,"We're creating digital toys and tools that empower kids to create, learn & share their ideas through play."
Leaky,S11,Dead,Leaky helps consumers make better decisions about insurance.
MarketBrief,S11,Dead,"The latest SEC Filings, Press Releases, Patents, and Trademarks for 700000+ companies and entities."
Meteor,S11,0,"Meteor is an open-source platform for building top-quality web apps in a fraction of the time, whether you're an expert developer or just getting started."
MixRank,S11,0,MixRank is a spy tool for contextual and display ads.
MobileWorks,S11,0,"MobileWorks is a crowdsourcing platform for businesses and developers that is more accurate, faster and easier to use than existing solutions."
Munch On Me,S11,Exited,Munch On Me is a food discovery portal that connects people with great food at great prices in local communities.
Opez,S11,0,"The best people around. Who are the best trainers, stylists, etc. around me?"
PageLever,S11,0,PageLever is the leading analytics platform for measuring your brand's presence on Facebook.
Paperlinks,S11,Dead,QR codes made easy. Paperlinks is the premier platform for generating QR codes for businesses.
Parse,S11,Exited,Cloud services for mobile developers. Parse lets you focus on creating unique & engaging apps. We take care of the rest
PicPlum,S11,Dead,Share Your Best Moments. Send photo prints to loved ones in seconds.
Proxino,S11,Dead,Proxino is a cloud platform for monitoring and debugging client-side JavaScript.
Quartzy,S11,0,Quartzy is an online suite of lab management tools for the academic life science community.
Rentobo,S11,Exited,"Rentobo is a new tool built for landlords, managers, and agents of all sizes to simplify the process of finding and signing a new tenant for your rental property."
Science Exchange,S11,0,An online marketplace for scientific experiments. The easiest way to get experiments conducted by researchers in top core facilities and institutions
Segment,S11,0,"The Segment API controls other analytics tools, allowing developers to integrate one single API in place of many."
SellStage,S11,0,SellStage is SaaS for online retailers to make communicating and selling via video easy and affordable.
Siasto,S11,Dead,"Siasto is a collaboration and project management tool that integrates into Google Apps, Gmail, Google Drive, GCal, box, and Dropbox."
Sift Science,S11,0,The world's most advanced fraud prevention platform
Snapjoy,S11,Exited,"Snapjoy is an online photo library that imports your photos from anywhere and organizes them into meaningful memories of who, what, when, & where."
Streak.com,S11,0,Greek Streak is a company that designs and creates unique sorority and fraternity apparel.
Stypi,S11,Exited,Stypi is a collaborative real-time text editor similar to Etherpad.
Tagstand,S11,0,Tagstand ships NFC stickers and a platform to manage them.
TapEngage,S11,Exited,You need a tablet strategy. We can help.
Verbling,S11,0,Verbling provides users with an innovative way to learn new languages by utilizing video chat technology.
Vidyard,S11,0,"An online video platform for businesses. Vidyard hosts your videos, analyzes their effectiveness, and transforms them into powerful marketing tools"
Vimessa,S11,0,"Vimessa allows you to send free video messages to your friends anywhere in the world, even if they do not have an iPhone."
Yardsale,S11,Dead,"Yardsale, a mobile app to help folks sell goods to local buyers."
Zenbox,S11,Dead,Zenbox is a browser extension that connects all of your SaaS services.
Zigfu,S11,0,"Zigfu is the easiest way to make and play Kinect apps. Download the plugin, hook up your sensor, and enjoy the future now!"
Acunote,W11,0,Acunote is a project management tool and Scrum software.
AppHarbor,W11,0,AppHarbor is a .NET Platform-as-a-Service.
Balanced Payments,W11,Dead,"Payments for marketplaces. Pay sellers, campaign organizers and service providers."
Beetailer,W11,0,"Bring your store to Facebook, and grow your business"
Bridge,W11,0,RPC Framework for Building Modular Services and Cross-Language Applications.
Chirply,W11,0,Chirply is a platform for crowd-sourcing & crowd-curating design.
Circle,W11,Dead,"Know when your friends & networks are nearby, wherever you are, no matter where you go"
Comprehend Systems,W11,0,"A reporting and visualization tool which runs against multiple databases in real time, while leaving the data in place"
Curebit,W11,0,Curebit helps online stores increase revenue through referrals by turning existing customers into marketers.
Custora,W11,0,"Custora offers a SaaS that tells online retailers and web apps which of their customers are most valuable, and suggests actions to keep them."
Dr Chrono,W11,0,drchrono is a medical platform for doctors and patients.
Earbits,W11,0,Earbits is a marketing platform for music related products built around interactive radio experiences.
FitFu,W11,Dead,Think of FitFu as a personal trainer in your pocket that keeps you active with little bits of exercise throughout the day.
Five Stars,W11,0,"We created a universal customer loyalty card that embraces the power of network effects, social media integration & improves the customer experience."
Giftrocket,W11,0,GiftRocket sells a new type of gift card that works at any location.
Grove,W11,Exited,Acquired by Revolution SystemsÊHosted IRC and so much more
GrubWithUs,W11,Dead,"Grubwithus social meals allow you to meet new people, while dining at some of your city's best restaurants."
HelloFax,W11,0,"HelloFax is an online service that helps you send and receive faxes, request signatures and fill out forms all from your computer."
Humble Bundle,W11,0,Humble Bundles are collections of digital creations that are sold online at a price determined by the purchaser.
Hype,W11,0,Tumult Inc. makes the next generation of designer tools to produce beautiful web content.
Hyperink,W11,0,"Hyperink, the San Francisco based self-publishing platform, wants to unlock and sell that untapped information by giving every citizen the ability to publish a book."
Instapainting.com,W11,0,Formerly Like.fm. Hand-painted oil paintings on canvas and other artwork shipped from artists just by uploading a photo.
Kaleidoscope,W11,0,Use Kaleidoscope to spot the differences in text and image files. Review changes in seconds with the world's most advanced file comparison application.
Lanyrd,W11,Exited,"Lanyrd is a directory of conferences, events and speakers."
MailGun,W11,Exited,Acquired by Rackspace in 2012.ÊMailgun provides a web service for integrating email inboxes into apps.
Meetings.io,W11,Dead,With Meetings.io you can meet face to face with anyone from around the world within your web browser.
MemSQL,W11,0,"MemSQL is a Y Combinator grad making a scalable, memory-optimized database built for high-throughput workloads."
MinoMonsters,W11,Dead,MinoMonsters is a social game where players collect and battle pet monsters.
Moki.TV,W11,Dead,"Moki.TV is a directory of all paid and free content included on Amazon's streaming service, Netlfix, Hulu, iTunes, and others."
Noteleaf,W11,0,"Always Know Who You're Meeting. You schedule meetings in Google Calendar, Noteleaf gives you information about who you're meeting on your phone."
NowJS,W11,Dead,Flotype Inc. is a venture-backed company building a suite of enterprise technology for real-time messaging.
OrderAhead,W11,0,OrderAhead is the easiest way to order from local merchants on your phone.
Pebble Technology,W11,0,Pebble is an infinitely customizable e-paper watch.
Sendoid,W11,Exited,Acquired by Facebook in 2012.ÊSendoid is an on-demand peer to peer transfer system.
SwipeGood,W11,0,SwipeGood allows users to enroll their credit or debit cards and automatically round up every purchase to the nearest dollar for charity.
TalkBin,W11,Exited,Acquired by Google.ÊTalkBin is a feedback platform for local businesses.
Taskforce,W11,Dead,"Siasto is a collaboration and project management tool that integrates into Google Apps, Gmail, Google Drive, GCal, box, and Dropbox."
TellFi,W11,Dead,"Fastest, easiest way to setup a phone system for your business."
TrustEgg,W11,Dead,The simplest way to save for a child's future.
Tutorspree,W11,0,Tutorspree is an online portal that helps tutors and clients find each other.
Upverter,W11,0,Upverter is building browser-based electronic design tools focused on collaboration and usability.
WhereBerry,W11,0,WhereBerry helps you keep track of things you want to do in your city.
YouGotListings,W11,0,The online rental technology platform that provides real estate offices and landlords with easy-to-learn tools
ZeroCater,W11,0,"ZeroCater makes it easy for companies to enjoy meals delivered from the best local restaurants, caterers and private chefs"
1000Memories,S10,Exited,Acquired by Ancestry in 2012.Ê1000memories is the new shoebox for your old photos
AdGrok,S10,Exited,Acquired by Twitter in 2011.ÊAdGrok allows business owners to automate the process of choosing and bidding on keywords on Google AdWords
AeroFS,S10,0,AeroFS is a program where users are able to manage and store their files and data in a cloud-like platform
AnyList,S10,0,The best way to create and share a grocery shopping list and organize your recipes
Brushes,S10,0,"Brushes is a painting app designed exclusively for the iPhone, iPod touch, and iPad"
Chart.io,S10,0,Analytics for everyone. A platform for everyone to explore and visualize data
Crowdbooster,S10,0,An intelligent social media dashboard designed to help businesses effectively grow and manage their presence online
Docker,S10,0,A software containerization platform. Formerly dotCloud
E la Carte,S10,0,"E la Carte develops tablets for restaurant tables so guests can order, pay and play games from their seats"
FanVibe,S10,Exited,Acquired by beRecruited in 2011.ÊA social platform for watching sports and communicating with others who are watching the same game
FutureAdvisor,S10,0,"You already have investment accounts, we help make them smarter"
Gantto,S10,Exited,Gantto was conceived to fill one obvious gap in our weekly management routine
GazeHawk,S10,Exited,Acquired by Facebook.ÊEeye tracking services using ordinary webcams
GinzaMetrics,S10,0,Ginzametrics makes enterprise SEO simple and easy to manage
Hipmunk,S10,0,Hipmunk is a travel search site that aims to take the agony out of travel planning
I Move You,S10,Dead,0
Indinero,S10,0,"Accounting, taxes & payroll. One solution. inDinero is your company's accounting department"
Koduco,S10,Dead,Koduco makes iPad games that focus on multiplayer collaboration on the same device
Leftronic,S10,0,Leftronic develops a web-based real-time dashboard application for monitoring a company's most important data
MessageParty,S10,Dead,MessageParty is a new kind of mobile blogging service
OhLife,S10,Dead,Write in private about your life
Opzi,S10,0,Opzi is creating software to make corporate knowledge accessible
PagerDuty,S10,0,PagerDuty is an alarm dispatching service for system administrators and support teams
Rapportive,S10,Exited,Acquired by LinkedIn.ÊRapportive shows you everything about your contacts right inside your inbox
ReadyForZero,S10,0,ReadyForZero creates online financial software that helps people control and reduce debt
Simperium,S10,0,0
Stripe,S10,0,"Stripe is a simple, developer-friendly way to accept payments online"
Tapzilla,S10,Dead,Taking the daily deal model and applying it to discounts on paid mobile apps
Teevox,S10,0,Fast stream watching.
The Fridge,S10,Exited,Acquired by Google.ÊThe Fridge is a platform for lightweight single serving social networks for the functionality of Facebook
The Recurse Center,S10,0,"A free, self-directed, educational retreat for people who want to get better at programming. Formerly Hacker School"
Whereoscope,S10,Dead,Whereoscope is a service designed to help parents keep know where their kids are
Workflowy,S10,0,WorkFlowy is a tool for organizing your brain
140bets,W10,Dead,140Fire is a platform to make online video ads interactive.
500Friends,W10,0,500friends enables retailers to acquire and retain high value customers.
Answerly.com,W10,0,InboxQ is a browser extension that delivers a persistent stream of questions from Twitter directly to you.
Browsarity,W10,Dead,Browsarity.com is a browser application that allows people to donate to charity while shopping online.
CardPool,W10,Exited,"Cardpool is a gift card exchange marketplace where anybody can buy, sell, or trade their new or pre-owned gift cards."
ChromaOm,W10,Dead,We want the whole world to find their color enlightenment
Crocodoc,W10,Exited,Acquired by Box.ÊCrocodoc is the trusted leader in HTML5 document viewing.
Cue,W10,Dead,Know what's next.
Embedly,W10,0,Embedly provides a platform and suite of tools to make embedding and previewing links simple.
Embedster,W10,Dead,Embedster allows bloggers to serve an ad for any YouTube they display on their site.
Etacts,W10,Exited,Etacts is a CRM for people - it helps you keep in touch with people in your address book.
Fabricly,W10,Dead,"Fabricly is a great way for designers to gain extra exposure, whether you're already selling online or if you're just getting started."
Gamador,W10,Dead,Gamador is a social game developer that has released three games so far.
Homejoy,W10,Dead,Book a trusted cleaner today for $25 per hour
Infoharmoni,W10,Dead,Infoharmoni is a data visualization startup founded by Kovas Boguta.
Launchhear,W10,Dead,LaunchHear is a way for bloggers to get early review copies of new products.
Mertado,W10,Exited,Mertado is a social shopping company that lets consumers discover and buy new products within the online communities that they frequent.
Movity,W10,Exited,"Movity.com surfaces geodata (crime, noise, pricing, etc) to help home buyers make better decisions."
NewsLabs,W10,Dead,"A platform that helps old-school journalists adapt to the web, by giving them help with advertising, SEO, and other issues they may not have had dealt with"
Notifo,W10,Dead,Notifo is a mobile application and platform which allows any web site or service to easily create mobile notifications.
Nowmov,W10,Dead,"Nowmov is an endless stream of videos recommended to users based on their interests, friends and what's trending around the world."
Optimizely,W10,0,"Simple, fast, and powerful."
OwnLocal,W10,0,Web-based software for local newspapers that gives them a white-label service for selling online ads and services to local businesses
Tweetflow,W10,Dead,0
Zencoder,W10,Exited,"Zencoder is web-based video encoding software as a service, designed to quickly convert any video into web and mobile compatible formats"
Zenedy,W10,0,Learn something new every day with new articles written daily about topics discovered from all around the web.
datamarketplace,W10,Exited,"Data Marketplace helps people find, buy and sell data online."
Bump,S09,Exited,Acquired by Google in 2013.ÊMobile applications and APIs that allow two smartphones to identify each other and connect by being bumped together
CarWoo,S09,0,CarWoo! is an online new-car buying service and marketplace.
DailyBooth,S09,Exited,Acquired by Airbnb in 2012.ÊDailyBooth lets users follow their friends and update them in real-time through the use of pictures and status updates.
DirectedEdge,S09,0,Directed Edge delivers e-commerce and social recommendations using existing data such as purchase or click histories
FanChatter,S09,0,FanChatter fuels your fans so they can promote you better than any ad ever could.
Flightcaster,S09,Exited,Acquired by Next Jump in 2011.ÊFlightCaster predicts flight delays
GraffitiGeo,S09,Exited,"Acquired by Loopt.ÊUsers leave brief reviews of restaurants, or just a thumbs up or thumbs down, like a highly condensed version of Yelp"
HighlightCam,S09,0,Create amazing movies right from your iOS or Android device - automatically!
InstantQ,S09,0,InstantQ allows restaurants to fill tables by varying prices to increase demand.
Jobpic,S09,Dead,0
Jobspice,S09,0,"JobSpice is a surprisingly easy-to-use, intuitive online tool for creating a resume."
Lingt,S09,Exited,Acquired by dictionary.com in 2010.ÊLingt is a service for learning languages that helps teachers enable their students to speak
Listia,S09,0,"Listia, which launched in August 2009, is eBay for free stuff."
Lockitron,S09,0,Keyless entry using your phone.
MeetingMix,S09,0,Save time writing your agenda and minutes.
Mixpanel,S09,0,Mixpanel is an advanced analytics service that helps improve web and mobile applications by tracking how users interact & engage with them
Olark,S09,0,Olark is a lightweight tool to chat with visitors to your website using your existing instant messaging client.
Plurchase,S09,Dead,Plurchase is an online social shopping site.
RentHop,S09,0,Search NYC Apartments and Listings by Location. Find New York City Apartment Rentals. Contact Landlords Online.
RethinkDB,S09,0,"RethinkDB is designed to be extremely fast, and implements powerful features that are cumbersome and inefficient with rotational storage"
Tuxebo,S09,0,Tuxebo connects people looking for things to rent from local rental companies.
Wakemate,S09,0,"Personalized alarm clocks that sync with a user's body and their iPhone, enabling the alarm to sound after a REM cycle"
WePay,S09,0,"WePay is an online payments platform for individuals, organizations, and businesses."
Adioso,W09,0,Adioso is a better search and booking app for leisure travel.
AirBnb,W09,0,"A community marketplace for people to list, discover, and book unique spaces around the world Ð online or from a mobile phone"
Cloudkick,W09,Exited,Cloudkick is a centralized web-based control hub for cloud servers.
Divvyshot,W09,Exited,"Divvyshot allows groups of friends to share their photos easily, at their full resolutions."
Echodio,W09,0,"Echodio makes it easy to keep iTunes music libraries in sync, securely backed up and streamable from anywhere."
Foodoro,W09,0,Foodoro is a marketplace where people can buy specialty food directly from artisanal Foodmakers.
Heyzap,W09,0,Heyzap is a premier mobile ad network that helps millions of users discover apps they love.
Nambii,W09,Dead,Nambii is an online dating service with iPhone applications that allow users to send and receive flirts with people around them.
Picurio,W09,0,Picurio is web-based photo sharing and photo management software.
PocketFunGames,W09,0,pocketfungames is a game developer for the iPhone that focuses on games with strong social components.
Propable,W09,Dead,Propable was a suite of online management and investment analysis tools for property investors.
Skysheet,W09,0,"Skysheet is a web-based spreadsheet, in stealth mode as of March 2009."
TheSixtyOne,W09,0,"thesixtyone is Digg for new music, a social filter for the tsunami of indie creativity hitting the web."
Voxli,W09,0,Voxli offers browser-based group voice chat for gamers and teams.
Wattvision,W09,0,Wattvision offers a simple idea - Monitor your energy consumption in realtime from the web.
reMail,W09,Exited,ReMail is an email app that downloads all your email to your iPhone and offers a comprehensive email search.
Anyvite,S08,0,Anyvite is a free site dedicated to event invitation creation and group organization.
AwesomeHighlighter,S08,Dead,A company that provides a tool that enables you to go to a website and highlight information to save for later or share with your friends
Backtype,S08,Exited,BackType is a marketing intelligence platform that helps brands and agencies understand the business impact of social media.
CO2Stats,S08,0,"Helps website owners understand the electricity usage and carbon emissions associated with site usage, then helps them manage their carbon footprint"
ContestMachine,S08,0,ContestMachine is a web service that makes running promotions from any website easy.
Frogmetrics,S08,0,Touchscreen platforms for effortless data collection.
Ididwork,S08,0,ididwork is an online tool that allows employees to keep track of the work they do over time.
Meetcast,S08,0,"Browser-based software that enables real time interaction, including sharing documents and images, screen sharing, etc."
People and Pages,S08,Dead,"A service similar to Google Groups, allowing group organizers to manage email lists and publish to the web in one place"
Picwing,S08,Exited,Picwing is a photo sharing platform that enables users to share their photos through a variety of sources.
PollEverywhere,S08,0,The best way to create stylish real-time experiences for events using mobile devices.
PopCuts,S08,Dead,Popcuts is a unique online music store. Buy music. Make money.
Posterous,S08,Exited,Posterous was focused on making blogging simple - as simple as sending an email.
Precognate,S08,Dead,0
Scoopler,S08,0,The artist-formerly-known-as Scoopler is a real-time search engine.
Slinkset,S08,Exited,Slinkset is a white label social news platform that allows anyone to start a social news site and integrate it into their own website.
Snipd,S08,Dead,"Grab pieces of enjoyable content from any page, save them online, and share without having to copy/paste using a simple bookmarklet."
Socialbrowse,S08,Dead,SocialBrowse is a Firefox extension for sharing links.
Startuply,S08,0,"Startup companies. Startup jobs. Jobs at the world's best angel- and venture-backed web, media, and technology companies."
TicketStumbler,S08,Dead,TicketStumbler is a secondary ticket market search engine and comparison website.
UrbanTakeover,S08,Dead,0
Vidly / Fliggo,S08,Dead,"Vidly, formerly known as TwitVid (or Twitvid.io), wants to be the easiest way to share video on the web."
Youlicit,S08,Dead,A web content recommendation engine that leverages the wisdom of the crowds to return the most recommended sites related to a website or topic
280 North,W08,Exited,"Acquired by Motorola for $20 MM in 2010.Ê280 North was a web application company based on their application framework, Cappuccino"
8aweek,W08,0,A Firefox extension that monitors surfing behavior to let you know when you spend too much time on time wasting sites
Addmired,W08,0,A company that creates new and engaging applications and games for users of social networks and mobile devices
Chatterous,W08,0,"Group chat using the web, IM, email, or phone"
Deluux,W08,Dead,Deluux aims to relocate the center of peoples' online identities to their personal websites instead of a single social network
FathomDB,W08,0,"Databases as a service, taking care of the many tasks database admins deal with, and letting them focus on more complex issues"
Heroku,W08,Exited,"Acquired by Salesforce for $212 MM in 2010.ÊHeroku is a multi-language cloud application platform, or platform-as-a-service"
Insoshi,W08,0,Insoshi is an open-source open networking platform.
Joberator,W08,0,"A search, recruitment and talent acquisition platform connecting skilled professionals with in-demand employers"
Kirkland North,W08,Dead,A game that pits sections of campuses against each other in a virtual battle for university-wide domination
MightyQuiz,W08,0,User-generated quiz questions that can be answered and rated on-site or through a distributable widget
Mixwit,W08,Dead,Mixwit describes itself as a combination of Slide and iTunes
Ninite,W08,0,"The easiest, fastest way to update or install software"
Omnisio,W08,Exited,Acquired by Google for $15 MM in 2008.ÊOmnisio lets users annotate videos and mash various clips up
RescueTime,W08,0,A web-based time management tool that keeps track of what you do and for how long when you are on your computer
Snaptalent,W08,Dead,Snaptalent powers a distributed job advertisement network primarily meant for developer listings
Tipjoy,W08,Dead,A social payments engine that allowed userse to easily collect 'tips' from their followings as Paypal transfers
Webmynd,W08,0,A browser plugin that tries to improve the way you search
Wundrbar,W08,Dead,Wundrbar wants to improve upon the search bar experience by providing users with powerful inline commands
YumDots,W08,0,YumDots wants to be the go-to mobile application for finding places to eat when out on the town
Adpinion,S07,Dead,Adpinion tried to get rid of the antagonism between advertisers and web surfers by letting you vote for the ads you want
Anywhere.fm,S07,Exited,Acquired by imeem in 2008.ÊAnywhere.fm lets you upload your music collection and play your music anywhere from the web
Appjet,S07,Exited,Acquired by Google in 2009.ÊAppJet ws an online programming tool for building simple web apps.
Biographicon,S07,Dead,Biographicon was a wiki-based website containing biographies of famous and non-famous people.
Bountii,S07,0,A price search engine that lets you browse the best deals on electronics and appliances from top stores like Amazon
Clickpass,S07,Exited,Acquired by Yola in 2008.ÊClickpass made OpenID easy to use
Cloudant,S07,0,The Cloudant Data Layer is the cloud database service managed by experts
Disqus,S07,0,"Beautiful, real-time, engaging discussions for your website"
Draftmix,S07,0,Fantasy sports fans can sign up and play pickup games against other players on the site for virtual dollars or for real money
Dropbox,S07,0,"A file hosting service that offers cloud storage, file synchronization, and personal cloud software"
Fuzzwich,S07,Dead,A browser-based 2D animation studio
Justin.tv,S07,0,A website that allowed anyone to broadcast video online
Reble,S07,Dead,Windows software that allows users to stream music from friends who also have installed Reble
SlapVid,S07,Dead,A video site built on P2P technology that allows users to find and watch videos pulled from top video sites
SocialPicks,S07,Exited,Acquired by FinancialContent in 2009.ÊAn online community where investors share investment ideas with each other
Songkick,S07,0,An online database of concerts for music enthusiasts
Splashup,S07,Dead,An online image editing service that provided advanced tools with image editing layer effects
Zecter,S07,Exited,Acquired by Motorola in 2010.ÊZecter created technology to make it easy to share files with others over the internet
iJigg,S07,Dead,A social music site that lets users vote on submitted singles using Digg-like voting
Auctomatic,W07,Exited,Acquired by Live Current Media in 2008.ÊAn auction and marketplace management system for individual sellers on sites like Ebay and Amazon
Buxfer,W07,0,"Buxfer is the next-generation personal finance solution, taking money management to the web"
Heysan,W07,Exited,Acquired by Good Technology in May 2009.ÊHeysan was a free mobile messaging and community
Octopart,W07,0,A search engine for electronic parts
Parakey,W07,Exited,Acquired by Facebook in July 2007.ÊParakey was a Web-based computer user interface
SocialMoth,W07,Dead,Socialmoth is a community to post your thoughts anonymously
Tsumobi,W07,0,A J2ME compatible programming language to download mobile apps for Tsumobi-enabled sites
View3,W07,Dead,0
VirtualMin,W07,0,A powerful and flexible web hosting control panel for Linux and BSD systems
Weebly,W07,0,Weebly is an AJAX website creator that allows you to create pages with template skins and content widgets
Whitenoise Networks,W07,Dead,Whitenoise is like a social network for the music industry
Writewith,W07,Dead,"A collaborative writing web app, enabling you to easily write, edit, and publish a document with a group"
Zenter,W07,Exited,Acquired by Google in June 2007.ÊZenter provided software for creating online slide presentations
JamGlue,S06,Dead,An online community where you can listen to or mix music from a library of user-contributed music
JumpChat,S06,Dead,"A platform bridging mobile text messages, email, and IM communication without needing to download anything"
LikeBetter,S06,Dead,"An online personality test game, where you look at two photos and choose which one you like better"
OMGPOP,S06,Exited,"Acquired by Zynga for ~$180MM in 2012.ÊA developer/publisher of multiplayer, social and mobile games. Created Draw Something"
PollGround,S06,Dead,"A social polling site. Easily create surveys and allow the ""wisdom of the crowd"" to answer your questions"
Scribd,S06,0,"Join the membership for readers, and get monthly access to books, audiobooks, and more"
Shoutfit,S06,Dead,"Upload images to create an online closet, and build a network of fashionable friends"
Talkito,S06,Dead,A service that enables its users to meet and chat when they visit the same websites.
Thinkature,S06,Dead,An online collaboration environment that allows users to chat and draw diagrams on a shared whiteboard.
Xobni,S06,Exited,Acquired by Yahoo for ~70MM in 2013.ÊXobni (the word inbox spelled backwards) makes your inbox and address book smarter
AudioBeta,W06,0,0
Clustrix,W06,0,Clustrix has built a NewSQL database with no limits
Flagr,W06,Dead,"Flagr enables users to share places, adding photos, video and descriptions from their mobile phone"
InklingMarkets,W06,0,Inkling provides a platform for companies to run their own internal or external prediction marketplaces
Snipshot,W06,Exited,Acquired by Ark in 2013.ÊSnipshot is a photo editor that lets you start editing any photo with one click of a bookmarklet
Wufoo,W06,Exited,Acquired by SurveyMonkey for $35MM in 2011.ÊWufoo's HTML form builder helps you create online web forms
YouOS,W06,Dead,"YouOS provides a platform for developers to create and distribute applications that live in a browser-based ""desktop"" environment"
ClickFacts,S05,0,ClickFacts is a Malware Software Solutions company for buyers and sellers of online media.
Infogami,S05,Exited,Merged with Reddit.ÊInfogami is a wiki application framework built on web.py
Kiko,S05,Exited,Sold for $258k on eBay.ÊKiko was a web calendar for anyone who wants to keep and share a calendar online.
Loopt,S05,Exited,Acquired by Green Dot for $43.4MM.ÊLoopt is a social service that connects people to their community
Memamp,S05,Dead,A better desktop search solution
Reddit,S05,Exited,Acquired by Conde Nast in 2006.ÊA social news website that displays news based on your preferences and what the community likes
Simmery,S05,Dead,0
TextPayMe,S05,Exited,Acquired by Amazon for ~$3MM.ÊAn SMS payment service that lets you send money to other people using cell phone text messaging