Country,Job Title,Salary,Skills
England,Junior Data Scientist,35000.0,"Data mining, Big data, R, Data analysis skills, Java"
England,Assistant Data Scientist (Graduate) | R-2375,64480.0,"R, SQL, JavaScript, Python"
England,Data Scientist,57500.0,"SQL, Maths, Data science, Python"
Scotland,Data Scientist,47500.0,"Software deployment, Data analysis skills, Statistical analysis, Maths, Machine learning"
England,Data Scientist - Ops,75000.0,"MATLAB, R, Maths, C, Machine learning"
England,"Data Scientist, Programming & Editorial",124000.0,"Data analysis skills, Tableau, SQL, Data science, Python"
England,Data Scientist,80000.0,"Jira, MATLAB, Power BI, Operating systems, R"
,Data Scientist,36000.0,"Power BI, Data mining, R, Data analysis skills, Tableau"
England,Junior Data Scientist,59500.0,"TensorFlow, SAS, Big data, Java, AWS"
England,Data Scientist,34000.0,"Tableau, SQL, Data management, Data science, Communication skills"
England,Data Scientist I/II,47500.0,"Power BI, Signal processing, Git, SQL, Statistical analysis"
England,Graduate Software Engineer / Data Scientist: Forecasting for Electricity Trading,48000.0,"Cloud infrastructure, Rust, Go, SQL, C++"
Scotland,Data Scientist,94000.0,"Software deployment, Data analysis skills, Statistical analysis, Maths, Machine learning"
England,Data Scientist - IDDO,60500.0,"Presentation skills, Machine learning, Communication skills"
England,Data Scientist,48000.0,"Tableau, SQL, Machine learning, IT, Data science"
England,"Data Scientist, Payments Fraud",62000.0,"Data mining, SAS, Big data, R, Google Cloud Platform"
England,Data Scientist,70500.0,"Spark, Machine learning, Hadoop"
England,Data Scientist - Forecasting,63000.0,"Data mining, Java, Maths, Machine learning, JavaScript"
England,Data Scientist / Senior Data Scientist,40000.0,"SQL, Statistical analysis, Machine learning, Agile"
England,Network Data Scientist,52500.0,"Power BI, R, Data analysis skills, Tableau, SQL"
England,Data Scientist Apprentice,32000.0,"Data mining, R, SQL, Quantitative analysis, Python"
,"Data Scientist, Product Analytics",44500.0,"SQL, Machine learning, Communication skills, Python"
England,Data Scientist,48000.0,"TensorFlow, Power BI, Big data, R, Tableau"
,Data Scientist (retail/ecom),56000.0,"Power BI, R, Analysis skills, Machine learning, Data science"
Scotland,Data Scientist,44500.0,"Power BI, Spark, English, Apache Hive, Data science"
England,Internship - Data Science,36000.0,"Data mining, Deep learning"
England,Data Scientist,76500.0,"MATLAB, Internet of things, R, Git, English"
England,Data Scientist,47000.0,"Statistical software, R, Data analysis skills, SQL, Analysis skills"
England,Data Scientist,51000.0,"Machine learning, Natural language processing, IT, Data science, Data visualisation"
England,Data Scientist,62000.0,"SQL, Machine learning, Python"
Wales,Data Scientist,58000.0,"Docker, Machine learning, Software development, Linux, Communication skills"
England,Data Scientist - Intern,47000.0,Data science
Northern Ireland,Data Scientist,38500.0,"Data structures, Git, Project management, Machine learning, Deep learning"
England,Senior Data Scientist,123000.0,"Data mining, R, Machine learning, GitHub, Agile"
England,Data Scientist,60500.0,"Statistical software, Power BI, R, Tableau, SQL"
England,Commercial Data Analyst - Internship,55500.0,"Relational databases, R, SQL, Statistical analysis, C"
England,Data Scientist,33500.0,"Go, Java, Machine learning, Python, Hadoop"
England,Senior Data Scientist - Financial Crime,34000.0,"SQL, Data science, Communication skills, Python"
England,"Senior Data Scientist, Payments",33500.0,"SQL, Machine learning, Data science, Python"
England,Data Scientist,50000.0,"Microsoft Powerpoint, Power BI, Microsoft Excel, Tableau, SQL"
England,Senior Data Scientist,33000.0,"Java, SQL, Analysis skills, Machine learning, Python"
England,DATA SCIENTIST,39500.0,"Power BI, Tableau, SQL, Hootsuite, Contracts"
England,Data Science Machine Learning Internship (Summer 2025),58500.0,"Business intelligence, Tableau, SQL, Machine learning, IT"
,Data Analyst,70000.0,"R, Git, SQL, Machine learning, Python"
England,"Senior Data Scientist, Learning",110000.0,"Power BI, Oracle, R, Microsoft SQL Server, Tableau"
Scotland,Data Scientist,31000.0,"Power BI, Azure, Selenium, Git, Google Cloud Platform"
England,Data Scientist,44500.0,"TensorFlow, Power BI, Azure, Kubernetes, Tableau"
England,Data Scientist,56500.0,"Salesforce Marketing Cloud, Tableau, SQL, Analysis skills, Martech"
,Tokenomics Data Analyst/Scientist,47500.0,"Machine learning, Data science"
England,Data Scientist/Engineer,65000.0,"SQL, APIs, Regression analysis, Python"
,Senior Data Scientist,56000.0,"Power BI, Business analysis, Data analysis skills, Tableau, SQL"
England,Data Scientist / AI Consultant,40000.0,"Statistics, Big data, Spark, R, NoSQL"
,Data Scientist,31000.0,"Microsoft Powerpoint, Power BI, Microsoft Excel, Tableau, SQL"
England,Junior Data Analyst,102000.0,"TensorFlow, Azure, R, Google Cloud Platform, Tableau"
England,Data Scientist,52500.0,"R, Data analysis skills, SQL, Regression analysis, Python"
England,DATA SCIENTIST,67500.0,"SAS, Analysis skills, Presentation skills, Machine learning, Data science"
England,Data Scientist,35500.0,"Data modelling, Data mining, R, SQL, Machine learning"
England,Marketing Data Scientist,74500.0,"French, Spark, Swedish, REST, APIs"
England,"Associate Data Scientist, Advanced Analytics",47500.0,"TensorFlow, Microsoft Excel, Data mining, Kanban, SQL"
England,Data Scientist,27500.0,"Machine learning, Natural language processing, AI, Python"
England,Data Scientist,68000.0,"Azure, Google Cloud Platform, AWS, Machine learning, Data management"
England,Lead Data Scientist,32000.0,"TensorFlow, Azure, R, Google Cloud Platform, Statistical analysis"
England,Junior Applied Scientist,49500.0,"TensorFlow, Application development, Machine learning, APIs, Python"
England,Consultant - Data & AI Strategy - Data Strategy,67500.0,"TensorFlow, Power BI, Azure, Big data, Spark"
England,Data Scientist,27500.0,"Power BI, Data analysis skills, Apache Hive, Tableau, Analysis skills"
England,AI Intern,70000.0,"TensorFlow, Azure, Software deployment, English, Google Cloud Platform"
England,Contract Data Scientist,56000.0,"R, Data analysis skills, Git, SQL, Statistical analysis"
Wales,Data Analyst,67000.0,"Spark, R, Data analysis skills, NoSQL, Git"
,Senior Data Scientist,70500.0,"Sage, R, SQL, Analysis skills, Project management"
England,Data Scientist (London),39500.0,"Go, Spark, Data analysis skills, SQL, Analysis skills"
England,Data Scientist,70000.0,"Statistical software, Big data, Data analysis skills, Statistical analysis, Machine learning"
England,Data Scientist,54000.0,"Azure, Business intelligence, C#, Spark, Data analysis skills"
England,"Data Scientist, Go-To-Market (UK)",55000.0,"Big data, SQL, Product management, Communication skills, Python"
Scotland,Senior Data Scientist,58000.0,"Data mining, Deep learning"
England,Junior Big Data Engineer,40500.0,"Power BI, R, SQL, Agile, IT"
England,Data Scientist - Kraken Field Platform,45000.0,"Azure, R, Data analysis skills, Google Cloud Platform, SQL"
England,Data Scientist,49000.0,"MATLAB, Signal processing, FPGA, Software deployment, C++"
England,Data Science Apprentice,40000.0,"TensorFlow, Power BI, SQL, Presentation skills, Machine learning"
England,Data Engineer,56000.0,"Azure, AWS, Analysis skills, Machine learning, Deep learning"
England,Data Scientist - Radar Systems,84000.0,"Spark, SQL, Machine learning, Deep learning, Predictive analytics"
England,Data Scientist,58000.0,"Software deployment, Data science, Clustering, Communication skills, Python"
England,"Data Scientist, Reuters",67000.0,"Elasticsearch, Relational databases, Spark, R, NoSQL"
England,"Senior Decision Scientist, UK 2024",60000.0,"Git, Data science"
England,Data Scientist - Optimisation,69000.0,"Analysis skills, Machine learning, Financial services, Data science, AI"
England,Data Scientist,84000.0,"Natural language processing, Cloud computing"
England,Data Scientist,50000.0,"Power BI, R, Git, SQL, Analysis skills"
,Pensions Data Scientist,24500.0,"Power BI, Azure, SQL, Machine learning, Data management"
Scotland,Data Scientist – NLP,62500.0,"Jira, Azure, Git, Tableau, SQL"
England,R Shiny Application Developer (Data Scientist),55000.0,"TensorFlow, C++, Machine learning, Deep learning, Mentoring"
England,Data Scientist,43000.0,"Data analysis skills, Presentation skills, Data science, Python"
England,Data Scientist (DSM),72000.0,"Jira, TensorFlow, Software deployment, Google Cloud Platform, Tableau"
England,Natural Language Processing (NLP) Data Scientist (KTP Associate),49500.0,"TensorFlow, Git, AWS, Machine learning, Deep learning"
England,Software Engineer – Data Scientist / Bioinformatics,40500.0,"TensorFlow, R, Machine learning, Natural language processing, Conversion optimisation"
England,Data Scientist,108500.0,"Machine learning, Natural language processing, IT, Data science, Data visualisation"
England,Data Scientist,66000.0,"Jira, Bamboo, Kubernetes, Docker, Machine learning"
,Senior Data Scientist,37500.0,"TensorFlow, Tableau, SQL, Machine learning, Deep learning"
England,Data Scientist,83000.0,"SQL, Product management, B2B, AI, Communication skills"
England,Data Scientist,37500.0,"Google Cloud Platform, C++, C, Machine learning, Deep learning"
England,Senior Data Scientist,67000.0,"Data mining, Spark, Machine learning, Scala, Natural language processing"
England,Product Data Scientist,61500.0,"TensorFlow, Azure, NoSQL, Test-driven development, Google Cloud Platform"
England,Machine Learning Data Scientist,47000.0,"Machine learning, Python"
England,Data Scientist AI/ML,60000.0,"Microsoft Windows Server, Rust, Relational databases, Microsoft Office, SQL"
England,Data Scientist,58000.0,"TensorFlow, Data modelling, Azure, Big data, Spark"
England,Data Scientist (ASR),67000.0,"Cloud infrastructure, Kubernetes, Relational databases, Git, Database design"
Northern Ireland,Associate Data Scientist,50000.0,"Docker, Machine learning, Software development, Linux, AI"
,Data Scientist - 6 Month Contract,49500.0,"Jira, TensorFlow, R, SQL, Analysis skills"
England,Data Engineer/Machine Learning Ops,34000.0,"Oracle, Management, R, Microsoft SQL Server, Stata"
England,Data Scientist,74000.0,"Node.js, Data structures, SQL, Statistical analysis, Machine learning"
England,Data Scientist,56000.0,"Data analysis skills, AWS, UI, GitLab"
England,CPRD FTC Data Scientist (OR),48000.0,"Machine learning, PostgreSQL, Communication skills, Python"
England,Data Scientist,70000.0,"SQL, Product development, Communication skills, Python"
England,Senior Translational Data Scientist,70000.0,"Azure, SQL, Machine learning, Cloud computing, Python"
England,Data Scientist,39000.0,"Presentation skills, Organisational skills, APIs, Communication skills, Python"
England,"Senior Data Scientist, Product Analytics",35500.0,"TensorFlow, Power BI, Azure, English, Tableau"
,Senior Data Scientist,35000.0,"Machine learning, PostgreSQL, Communication skills, Python"
England,Data Scientist,200000.0,"Software deployment, AWS, Maths, Docker, Machine learning"
,Senior Data Scientist,83000.0,"Alteryx, SQL, Machine learning, Cloud computing, Communication skills"
England,Data Scientist,37000.0,"TensorFlow, Machine learning"
England,Data Scientist,63500.0,"Azure, Big data, Spark, NoSQL, Information security"
England,Operations Data Scientist,64000.0,"TensorFlow, Image processing, Spark, Statistical analysis, Machine learning"
England,Senior Data Scientist,53500.0,"Power BI, Azure, Waterfall, Big data, Spark"
England,DATA SCIENTIST,70000.0,"Azure, Data analysis skills, NoSQL, Database design, OOP"
England,Data Scientist,39500.0,"Tableau, SQL, IT, Data science, Communication skills"
England,Senior Data Scientist,55500.0,"SQL, Predictive analytics, Python"
England,Data Scientist,49000.0,"Tableau, SQL, AWS, Market research, Machine learning"
England,"Senior Data Scientist, Parental leave cover (12 months)",87500.0,"Azure, ATS, Git, Machine learning, Data science"
England,Data Scientist,31500.0,"Hospitality, Power BI, Data analysis skills, Tableau, SQL"
England,Data Scientist I,55500.0,"SQL, AWS, Machine learning, IT, Data science"
England,Data Scientist,45500.0,"R, SQL, Product development, Machine learning, Google Search Console"
England,Data Analyst,50000.0,"Power BI, Azure, Big data, Spark, Tableau"
England,Data Scientist,58000.0,"Machine learning, Natural language processing, Data science, Python"
England,Senior Data Scientist,73000.0,"R, Tableau, SQL, Product development, Data science"
England,Data Analyst,81500.0,"R, SQL, Statistical analysis, Maths, Machine learning"
England,Data Scientist,67500.0,"SAS, Spark, R, Java, SQL"
England,"Data Scientist II, Product Analytics",58000.0,"TensorFlow, Azure, Spark, Google Cloud Platform, SQL"
England,"Senior Data Scientist, Generative AI, Google Cloud",55000.0,"Machine learning, PostgreSQL, Communication skills, Python"
England,Head of Data & Analytics,102000.0,"Power BI, R, Git, Tableau, Presentation skills"
,Senior Data Scientist,85500.0,"Management, Machine learning, Software development, Data science, Python"
England,Data Scientist,69000.0,"Java, SQL, Maths, Machine learning, AI"
England,Data Scientist,67500.0,"Software deployment, AWS, Maths, Docker, Machine learning"
England,Experienced Data Scientist/ Software Developer,43500.0,"SAS, R, SQL, C++, JavaScript"
,Lead AI / ML / Data Science Engineer - UK,52500.0,"TensorFlow, Azure, C#, SQL, UX"
England,Desk Data Scientist (Crude),77000.0,"Statistical software, Big data, Data analysis skills, Statistical analysis, Machine learning"
Wales,Data Scientist,74000.0,"Data modelling, SAS, Analysis skills, Maths, Machine learning"
England,Energy Data Scientist,80000.0,"Power BI, Data modelling, Data mining, Microsoft SQL Server, SQL"
England,Senior Data Scientist,60000.0,"OOP, C++, C, Usability, REST"
England,Counter Fraud Data Scientist,60000.0,Software development
England,SENIOR DATA SCIENTIST,62000.0,"Data modelling, SAS, Big data, R, NoSQL"
England,Data Analyst Scientist - Diamond Light Source and Fragment-Screen,55000.0,"Azure, R, Data analysis skills, Git, Google Cloud Platform"
England,Senior Data Scientist,63000.0,"TensorFlow, Azure, Kubernetes, Google Cloud Platform, AWS"
England,Data Scientist - Gloucester - National Security,85500.0,"MATLAB, Data mining, SAS, R, Apache Hive"
England,Data & AI Specialist,67500.0,"Power BI, Microsoft Excel, Data analysis skills, Analysis skills, Project management"
England,Data Scientist,58500.0,"Machine learning, REST, Natural language processing, APIs, Communication skills"
England,DATA SCIENCE CONSULTANT LONDON,71000.0,"TensorFlow, Azure, Git, SQL, Analysis skills"
England,Data Scientist,49000.0,"Data analysis skills, Git, SQL, Database design, AWS"
England,Data Scientist,38500.0,"Spark, English, SQL, Machine learning, Software development"
England,"Data Scientist, Consumer Lines- Insurance",55000.0,"Power BI, R, Data analysis skills, Tableau, SQL"
,Senior Data Scientist (UAE),50000.0,"English, SQL, Machine learning, Python"
England,Machine Learning Scientist II,77500.0,"Underwriting, R, Microsoft Office, OOP, Docker"
England,Lead Data Analyst,97000.0,"Azure, Management, R, Microsoft SQL Server, NoSQL"
England,Data Science Content Developer,49000.0,"Data modelling, SQL, OOP, Product management, Data warehouse"
England,Data Scientist,34500.0,"Cloud computing, Python"
Wales,Principal Public Health Data Scientist,137000.0,"TensorFlow, Software deployment, OOP, Maths, Machine learning"
England,"Data Engineer, Analytics",59000.0,"Power BI, Microsoft Excel, English, Bloomberg, Tableau"
England,Data Scientist - Cricket,40000.0,"Machine learning, AI"
England,Data Scientist/Senior Data Scientist - Generative AI,73500.0,"SAS, Software deployment, Spark, R, SQL"
England,BloombergNEF Quant Modeling Data Scientist,104500.0,"Data mining, Business intelligence, MongoDB, Tableau, AWS"
England,AI Scientist - Machine Learning,102000.0,"Azure, Spark, Google Cloud Platform, Statistical analysis, AWS"
England,Lead Data Scientist,24960.0,"Cloud infrastructure, Machine learning, Deep learning, Agile, Data science"
England,Senior Data Scientist - Ad Intelligence,61500.0,"Statistics, Tableau, Scripting, Python"
England,Senior Data Scientist,32500.0,"TensorFlow, Cloud infrastructure, Google Cloud Platform, AWS, Analysis skills"
England,Principal Data Scientist,34000.0,"Azure, Business intelligence, Big data, Spark, Google Cloud Platform"
England,Senior Data Scientist,67000.0,"Machine learning, Deep learning, AI, Leadership"
England,Data Scientist,73000.0,"Big data, Google Cloud Platform, SQL, Linux, Data science"
England,"Director, Applied Data Science",67000.0,"MATLAB, R, Cloud computing, Data science, Python"
England,"Data Intelligence Partner - AI, ML and Analytics",30000.0,"LabView, MATLAB, React, Visual Studio, Git"
England,Senior Data Scientist,92500.0,"Microsoft SQL Server, Bloomberg, SQL, Maths, PostgreSQL"
England,Data Scientist - Bayesian,76000.0,"TensorFlow, Statistics, Spark, Machine learning, Scala"
England,Data Scientist - Sonar Systems,110500.0,"Power BI, Azure, Business intelligence, Big data, Data analysis skills"
England,Data Production Engineer,61000.0,"Data modelling, SAS, Big data, R, NoSQL"
England,Machine Learning Scientist III (Meta bidding),63500.0,"TensorFlow, MATLAB, Machine learning, Data science, Python"
England,Big Data Analyst,70500.0,"Machine learning, Data science, Python"
England,Data Scientist – Gloucester – National Security,85000.0,"Power BI, Azure, Data mining, Management, Spark"
England,Data Scientist (DV Security Clearance),69500.0,"Data modelling, Azure, Maths, Presentation skills, Data science"
England,Data Science Consultant,54500.0,"Kubernetes, Relational databases, SQL, AWS, Maths"
England,Lead Data and AI Scientist,56000.0,"SQL, Data science, Communication skills, Python"
England,Senior Data Scientist,94500.0,"Microsoft Excel, R, Communication skills, Python"
England,Senior Data Scientist – NLP & MLOps,40500.0,"French, Go, NoSQL, MongoDB, SQL"
England,"Senior Data Scientist, CRM",48000.0,"SQL, Driving, Python"
England,Health and Safety Data Analyst,74500.0,"TensorFlow, Spark, SQL, Maths, Machine learning"
England,Data Scientist,83000.0,"TensorFlow, Azure, Internet of things, Git, English"
England,Data Scientist,60000.0,"Statistical analysis, Machine learning, JavaScript, Natural language processing, Data visualisation"
England,Claims Data Scientist,52500.0,"Azure, Data mining, Data analysis skills, OOP, AWS"
,Machine Learning Engineer,125000.0,"Java, C, Scala, Python"
,Senior Data Scientist,60500.0,"Data modelling, Business intelligence, C#, SQL, C++"
England,Data Scientist - Healthcare & Life Sciences,52000.0,"Haskell, Kubernetes, Git, English, Java"
England,Partner Solutions Architect (Data and AI),37000.0,"Statistics, Microsoft Excel, Big data, Spark, R"
England,"Data Engineer, Product Analytics",67000.0,"Data science, Teaching"
England,Software Tester (AI Risk). Hours Negotiable,29500.0,"English, Biochemistry, Deep learning, Communication skills, Python"
England,SENIOR DATA SCIENTIST,50000.0,"French, Ukrainian, Data analysis skills, English, Fortran"
England,Project Engineer - Data Science,59000.0,"Machine learning, Mentoring, Natural language processing, IT, Data science"
England,Research Associate in Spatial Data Science,61000.0,"MATLAB, R, Maths, Machine learning, Data science"
England,"Applied Research Scientist, Deep Learning for RNA Structure Prediction",77000.0,"SQL, AWS, Docker, Machine learning, Data science"
England,Scientist on EarthCARE Radar/Lidar Data Assimilation,40000.0,"Azure, Java, Natural language processing, Root cause analysis, Python"
England,Lead Data Scientist,83000.0,"Data analysis skills, SQL, Machine learning, Data science, Communication skills"
England,Research Engineer – Digital Technologies (Data Scientist),69500.0,"Cloud infrastructure, Azure, Kubernetes, Spark, Git"
England,Senior Data Scientist,67000.0,"D3.js, Google Cloud Platform, SQL, Statistical analysis, AWS"
England,AI/ML Engineer,43500.0,"TensorFlow, Google Cloud Platform, AWS, Machine learning, Scala"
England,Data Scientist - 12 Month Maternity Cover,55000.0,"Statistics, Go, Bootstrap, Google Cloud Platform, SQL"
England,Senior Data Scientist,43500.0,"SAS, Data structures, R, Communication skills, Python"
England,Lead Data Scientist - 12 Month FTC,57500.0,"Sales, Supply chain, Machine learning, Data science, Communication skills"
England,Machine Learning Engineer II,42000.0,"TensorFlow, Azure, Spark, Google Cloud Platform, SQL"
England,Senior Decision Scientist,62000.0,"Data structures, SQL, Statistical analysis, Machine learning, Mentoring"
England,Associate Statistical Programmer,113000.0,"R, Computer skills, Data science, Communication skills"
England,Senior Applied Data Scientist - Causal AI,61000.0,"TensorFlow, Multilingual, Machine learning, Deep learning, Natural language processing"
England,Lead Data Scientist,83000.0,"Project management, AI, Communication skills"
England,Lead Data Scientist,39500.0,"Power BI, Azure, Kubernetes, Big data, Git"
England,Senior Data Scientist,58000.0,"NoSQL, Machine learning, Natural language processing, Communication skills, Python"
England,NLP Speech Research Intern,63000.0,"R, SQL, Statistical analysis, Maths, Deep learning"
England,Technical Trainer – AI & Data,44500.0,"Data analysis skills, AWS, Machine learning, Data science, Python"
Scotland,Artificial Intelligence / Machine Learning Specialist,90000.0,"TensorFlow, MATLAB, Azure, SAS, R"
England,"AI/ML - Data Engineer (NLP/Speech), Siri and Information Intelligence",65000.0,"TensorFlow, Git, C++, C, Machine learning"
England,"Data Scientist, Generative AI, Google Cloud",67000.0,"Go, Microservices, SQL, Machine learning, Deep learning"
England,Machine Learning Operations Associate,90000.0,"Kubernetes, Software deployment, Data analysis skills, Google Cloud Platform, OOP"
England,Data Scientist,87500.0,"Supervising experience, Machine learning, Data science"
,Intern – Machine Learning (Speech) - Immediate Start,138000.0,"SAS, R, SQL, C++, JavaScript"
England,Lead Machine Learning Scientist,58500.0,"Laboratory experience, Machine learning, Biochemistry, Deep learning, Software development"
England,Data Scientist,47000.0,"Power BI, R, Tableau, SQL, Analysis skills"
England,Lecturer in Health Data Science,63500.0,"Power BI, Supply chain, Google Cloud Platform, SQL, Analysis skills"
Wales,Senior Data Scientist / Statistician,140000.0,"TensorFlow, Cloud architecture, Cassandra, Relational databases, DevOps"
England,Applied Research Scientist,111000.0,"Business analysis, SQL, Maths, Machine learning, Distributed systems"
England,Customer Insight Analyst,64000.0,"Project management, Machine learning"
England,Data Analyst - Supply Chain,43500.0,"Statistics, Business processes, Machine learning, APIs, Regression analysis"
Scotland,Senior Data Science Engineer,45500.0,"TensorFlow, Machine learning, Software development, Communication skills, Python"
England,Senior Data Scientist,67500.0,Machine learning
England,"Program Manager, Machine Learning Data Operations",50000.0,"TensorFlow, Power BI, Data modelling, Big data, Supply chain"
England,Data Scientist (Marketing),150000.0,"Power BI, Azure, R, Google Cloud Platform, Tableau"
England,Python Engineer for Machine Learning,60000.0,"Machine learning, Mentoring, Natural language processing, IT, Data science"
England,Researcher in Healthcare AI and Machine Learning,102000.0,"Machine learning, Natural language processing, AI"
England,Principal Data Scientist,73000.0,"Power BI, Azure, Data mining, Supply chain, Spark"
England,Consultant - Analytics & Artificial Intelligence - Data Science,48000.0,"Data analysis skills, Analysis skills, Market research, Machine learning, Organisational skills"
England,Lead Data Scientist,32500.0,"Azure, Software deployment, SQL, AWS, Machine learning"
England,AI Scientist - Natural Language Processing,71500.0,"Relational databases, Git, Google Cloud Platform, SQL, AWS"
England,Group Supply Chain Data Scientist,44000.0,"Power BI, R, Data analysis skills, SQL, Machine learning"
England,"AI Data Service and Operations, Business Insights Analyst - T&S",107500.0,"English, Machine learning, Mentoring, Communication skills, Teaching"
England,Senior Data Scientist,40500.0,"TensorFlow, Management, Supervising experience, Machine learning, Deep learning"
England,"Partner, Data Science",67000.0,"Underwriting, SAS, SQL, Python"
,Senior Machine Learning Engineer,64500.0,"Management, English, SQL, Presentation skills, Machine learning"
England,"Online Course Instructor - Machine Learning / Data Engineering (Part-Time, Freelance)",102000.0,"Power BI, Spark, R, Tableau, Java"
England,"Research Scientist, Machine Learning, London",58500.0,"Project management, Data visualisation, Communication skills, Marketing"
England,Rescue Pricing Data Scientist,83500.0,"Elasticsearch, Azure, Google Cloud Platform, Application development, AWS"
England,Senior Data Scientist,52500.0,"Data mining, Sales, R, PaaS, Machine learning"
England,Senior Data Scientist,64500.0,"Azure, Data mining, R, Google Cloud Platform, MongoDB"
England,"Senior Consultant, Consultant, AI & Data, ConvergeCONSUMER Role, SAMA",58000.0,"TensorFlow, Machine learning, Deep learning, Computer networking, AI"
England,Lead AI & Data Scientist,47500.0,"Cloud infrastructure, Git, English, Analysis skills, Docker"
England,Lead AI & Data Scientist,67500.0,"TensorFlow, Data mining, Data structures, Java, C++"
Scotland,Data Science & AI Manager,40000.0,"Data mining, Data structures, Java, AWS, C++"
England,Machine Learning Consultant,66500.0,"OOP, Machine learning, Communication skills, Python"
England,"Applied Research Scientist, Molecular Simulation",78000.0,"Business development, Data science"
England,"Applied Scientist , ADSP: Campaign & Creative",79000.0,"Analysis skills, Machine learning, Google Search Console, Communication skills, Python"
Scotland,"Applied Scientist, Personalization",55500.0,"Kubernetes, Spark, AWS, Docker, Machine learning"
England,Machine Learning Engineer,46000.0,"Analysis skills, Project management, Data management, Product management, Scrum"
England,Principal Consultant of Data & Analytics Strategy and Technology,73500.0,"Analysis skills, Project management, Project management methodology, AI, Leadership"
England,AI Analyst,140000.0,"TensorFlow, Deep learning, Natural language processing, AI, Debugging"
England,Data Science Engineer,33500.0,"Data mining, R, Machine learning, GitHub, Agile"
England,Data Product Owner,69000.0,"Power BI, Social media management, Data analysis skills, Tableau, Financial analysis"
England,Data & AI Platform Lead,63000.0,"Power BI, Data mining, R, Alteryx, Tableau"
England,"Research Scientist, NLP, GenAI (PhD)",41500.0,"Presentation skills, Data management, Product management, APIs, Data science"
England,Lead Data Scientist,69500.0,"Elasticsearch, Cloud infrastructure, Azure, NoSQL, Google Cloud Platform"
England,"AI Data Service And Operations- Business Analyst, Trust and Safety",78500.0,"SQL, AWS, Presentation skills, Machine learning, AI"
England,Digital Audit - Data Analytics - Senior Associate,39000.0,"C#, Microsoft SQL Server, Java, SQL, C++"
England,Head of Data & Analytics,60000.0,"Statistics, Spark, Data analysis skills, Machine learning, Natural language processing"
England,Lead Data Scientist,106000.0,"TensorFlow, Azure, Kubernetes, English, Google Cloud Platform"
England,Senior Data Scientist / AI Engineer / ML Engineer,90000.0,"R, Microsoft Office, SQL, Statistical analysis, Machine learning"
England,"Quantitative Data Scientist / London / New York / £150,000 + Benefits",75000.0,"R, SQL, Statistical analysis, Machine learning, Natural language processing"
England,Data Scientist - Core Analytics,62000.0,"Ukrainian, English, Communication skills"
,Senior Machine Learning Engineer,59500.0,"Data mining, D3.js, Software deployment, R, SQL"
England,Head of VitalityLife Data Science,58500.0,"SAS, R"
England,"Staff Data Scientist Manager, Generative AI, Google Cloud",45000.0,"SAS, Software deployment, Spark, R, SQL"
England,Scientist/Senior Scientist – Atmospheric physical processes in data assimilation,41500.0,"TensorFlow, Git, Machine learning, Agile, AI"
England,Sr. Data Scientist - NLP/GenAI,79500.0,"Azure, Data mining, D3.js, AWS, Presentation skills"
,Principal Biostatistician,44000.0,"Data structures, C++, C, Machine learning, Natural language processing"
England,Data Scientist,76500.0,"R, Statistical analysis, Data science, Python"
England,Senior Data Scientist,47500.0,"TensorFlow, R, Git, Tableau, SQL"
Scotland,Senior Data Scientist,52500.0,"TensorFlow, Git, Google Cloud Platform, SQL, AWS"
England,Senior Data Scientist-Large Language Models,57000.0,"Financial services, Data science, AI, Communication skills"
England,Lecturer in Data Analytics,33500.0,"Azure, Kubernetes, NoSQL, English, Google Cloud Platform"
England,"Associate Educator, Data Scientist",55000.0,"SAS, R, Tableau, SQL, Product management"
England,Data Scientist (Fincrime),64500.0,"Power BI, Azure, R, NoSQL, Google Cloud Platform"
England,Director of AI and Data Science,67000.0,"Machine learning, Natural language processing, Data science, Python"
,Senior GenAI / Generative AI Engineer,90000.0,"Big data, R, SQL, Python"
England,Senior Data Scientist - Mobile,131000.0,"TensorFlow, Software deployment, Spark, Machine learning, Natural language processing"
England,Data and AI Engineer,90000.0,"TensorFlow, Maths, Machine learning, Regression analysis, Predictive analytics"
England,DV Cleared Data Scientist,45000.0,"Power BI, R, Tableau, SQL, Presentation skills"
England,Analytics Engineer III - Data Science,72500.0,"Data mining, Spark, R, Data analysis skills, NoSQL"
,Applied AI Associate - Markets Operations,63500.0,"MATLAB, R, Java, C++, Perl"
England,Senior Data Scientist,85000.0,"Presentation skills, Data management, Product management, APIs, Data science"
England,LEAD DATA SCIENTIST,54500.0,"TensorFlow, Azure, DevOps, Spark, Google Cloud Platform"
England,Senior Data Scientist,79000.0,"Adobe Flash, Machine learning, Technical writing"
England,Research Associate - Bioinformatics/Data Science (Vassiliou Lab) (Fixed Term),56000.0,"TensorFlow, SQL, Machine learning, Data science, Communication skills"
England,Head of Data & Analytics,55000.0,"Qualitative analysis, Taxonomy, Data management, Metadata, Quantitative analysis"
England,Senior Data Scientist,70000.0,"Power BI, R, Alteryx, Microsoft SQL Server, SQL"
England,Staff Machine Learning Scientist,63000.0,"Azure, Spark, NoSQL, Google Cloud Platform, Java"
England,"Associate, Data Science Analyst – Global Oil Markets (Hybrid - 3/2 Work Schedule)",75000.0,"Azure, Relational databases, Big data, NoSQL, Google Cloud Platform"
England,Senior Consultant - Data & AI Strategy - Data Management,50000.0,"Signal processing, English, Software development, Agile, Communication skills"
England,Digital Audit Manager - Data Analytics,60000.0,"TensorFlow, Git, Docker, Machine learning, Communication skills"
England,Consultant - Analytics & Artificial Intelligence - Data & AI Architect,42000.0,"Data modelling, IT, Data science"
England,Senior Big Data Developer,54000.0,"TensorFlow, Machine learning, Deep learning, Software development, APIs"
England,Electrical Power Systems Engineer (Data Science),77000.0,"TensorFlow, Statistics, Azure, Google Cloud Platform, AWS"
England,"Software Engineer, Machine Learning",52500.0,"Azure, SQL, Machine learning, Data science, Communication skills"
England,Data Science Architect,110000.0,"Performance tuning, Analysis skills, Maths, Machine learning, Distributed systems"
England,"Research Scientist, Machine Learning and Computational Biology",44500.0,"Product development, Machine learning, Natural language processing, Agile"
England,"Consultant - Senior Consultant, Data Science and Machine Learning, AI & Data, Defence & Security",94000.0,"Data modelling, Azure, Big data, Spark, Google Cloud Platform"
England,Principal Data Scientist,85000.0,"TensorFlow, MATLAB, Microsoft Excel, Visual Studio, Spark"
,Machine Learning Scientist - Time Series Reinforcement Learning - Vice President - Machine Learning Center of Excellence,51500.0,"Mandarin, Rust, C++, Distributed systems, Python"
England,"ML Engineer, Data & Machine Learning",65500.0,"TensorFlow, Git, Docker, Machine learning, Communication skills"
England,Head of Data and Machine Learning Engineering,88000.0,"Data mining, Data structures, Java, C++, Machine learning"
England,Senior learning Specialist - Data Science,41000.0,"Statistics, Project management, Product management, AI, Communication skills"
England,Data science - mandarin speaking,55500.0,"Power BI, Azure, Data mining, R, SQL"
England,Machine Learning Engineer - AI Discovery,65000.0,"CRM software, Power BI, Social media management, R, Tableau"
England,"Applied Scientist, Contextual Ads",38500.0,"Azure, R, Google Cloud Platform, AWS, APIs"
England,Faculty Fellowship - AI Product (October 2024),69500.0,"Data modelling, R, Data analysis skills, Tableau, SQL"
England,Data Science Manager,37500.0,"Power BI, Microsoft Excel, Procurement, Supply chain, Data analysis skills"
England,Data & Analytics Lead,104500.0,"SQL, Team management, Driving, IT, Data science"
England,Senior/Lead Health Data Scientist (Statistical Genetics...,69500.0,"Machine learning, Teaching"
Wales,Data Analytics Manager,138000.0,"TensorFlow, SQL, Machine learning, Data science, Communication skills"
England,Associate Analytics & Reporting Specialist,90000.0,"Power BI, R, Tableau, SQL, Presentation skills"
England,Principal Data Scientist - Claims,73000.0,"Power BI, Microsoft Excel, Business intelligence, Procurement, Alteryx"
England,Lecturer in Computer Science (AI/Machine Learning/Data Science),70000.0,"TensorFlow, Data mining, Big data, Spark, R"
England,"Associate, Data Science Analyst - EU Energy Markets (Hybrid - 3/2 Work Schedule)",43000.0,"Data analysis skills, Laboratory information management systems, English, Project management, Data management"
England,Lead Data Scientist,69500.0,"SAS, R"
England,Analytics & Reporting Specialist,46000.0,"Big data, Statistical analysis, Machine learning, Systems engineering, Python"
England,Sr. Data Scientist,65500.0,"TensorFlow, MATLAB, Machine learning, Natural language processing, Python"
England,Head of Data Insights,76000.0,"Azure, Big data, Spark, R, SQL"
,Principal Biostatistician (FSP - Permanent Homebased),60000.0,"TensorFlow, Spark, R, Git, Google Cloud Platform"
England,Research Associate in CASU Data Science,62500.0,"Data mining, Software deployment, Change management, Machine learning, Data science"
England,Machine Learning Algorithm Developer,42500.0,"Product development, Data science, Communication skills"
England,Data Science Manager,55500.0,"TensorFlow, Data mining, Data structures, Machine learning, Deep learning"
England,"Educator, Data Scientist",75000.0,"TensorFlow, Elasticsearch, Data mining, Data structures, Spark"
England,"Global COE Lead, AI and Data Science",51500.0,"TensorFlow, Analysis skills, Machine learning, Deep learning, Natural language processing"
England,"Data Science Manager, Product Analytics/ Core DS",58000.0,"TensorFlow, Analysis skills, Machine learning, Google Search Console, AI"
England,"Research Engineer, AI/Machine Learning",75000.0,"Data analysis skills, Tableau, SQL, Warehouse experience, IT"
England,"Applied Scientist, Amazon Ads",31500.0,"Azure, C#, Java, C++, C"
England,Machine Learning Research Engineer,143000.0,"TensorFlow, R, Machine learning, Team management, Mentoring"
England,Machine Learning Specialist,52500.0,"Sales, Supply chain, Machine learning, Data science, Communication skills"
,Transportation Policy & Analytics Internship,116500.0,"Azure, Internet of things, Kanban, SQL, AWS"
England,Principal Applied Scientist - Search & Recommendation,67000.0,"Power BI, Microsoft Excel, Sales, English, SQL"
England,Data Analytics Manager,55500.0,"Azure, Kubernetes, DevOps, NoSQL, Git"
England,Applied Data Scientist - Causal AI,26000.0,"Software deployment, AWS, Machine learning, Neo4j, Data visualisation"
England,Management Consultant -Digital Engineering Industrial Data & AI/Digital Twins,57000.0,"Statistical analysis, Machine learning, Data science, Data visualisation, Leadership"
England,Data & Analytics Manager,65500.0,"Machine learning, APIs, Communication skills, Python"
Scotland,Machine Learning Engineer II,72500.0,"Jira, Software deployment, R, SQL, Analysis skills"
,Machine Learning Engineer,43000.0,"AWS, Machine learning, Python"
England,Director of Data Science,80000.0,"Statistics, R, Data analysis skills, SQL, Analysis skills"
England,Senior Data Science Manager (US Products),38000.0,"TensorFlow, Data modelling, Azure, DevOps, Data structures"
England,Data Science Manager,105500.0,"TensorFlow, Software deployment, Machine learning, APIs, Cloud computing"
England,Machine Learning Engineer,45000.0,"TensorFlow, Git, Google Cloud Platform, SQL, AWS"
England,Lead Operations Research Data Scientist,61000.0,"TensorFlow, Software deployment, DevOps, System design, Test-driven development"
Wales,Machine Learning Engineer,56000.0,"Management, Machine learning, Distributed systems, Quantitative analysis, Leadership"
England,AI / ML Engineers,55000.0,"Data modelling, Data mining, R, SQL, Machine learning"
England,Data Scientist (Fincrime),119500.0,"TensorFlow, Maths, Machine learning, APIs, Mac OS"
England,Data Scientist,45000.0,"TensorFlow, R, Machine learning, Team management, Mentoring"
England,"Data Science Manager, Privacy Areas",40000.0,"TensorFlow, C++, Maths, Machine learning, Deep learning"
England,DE&S Data Science Specialist,69000.0,"Azure, Pentaho, Big data, Spark, NoSQL"
England,"SWE - GPU ML Engineer, GGD",62000.0,"Data analysis skills, Java, Scala, Natural language processing, Communication skills"
England,Data Analytics Manager,61000.0,Machine learning
England,Machine Learning Engineer for Game Technology,75000.0,"TensorFlow, Azure, Kubernetes, Software deployment, Google Cloud Platform"
England,BIG DATA ARCHITECT,42500.0,"R, Git, SQL, Telecommunication, Agile"
England,"Applied Scientist, NLP",51500.0,"SAS, Data structures, R, Communication skills, Python"
England,Research Fellow in AI and Machine Learning for Materials Discovery (AlChemy) Grade 7,72500.0,"Alteryx, SQL, Machine learning, Cloud computing, Communication skills"
England,Senior Data Scientist/AI Engineer,71500.0,"Azure, Bootstrap, Software deployment, Spark, Google Cloud Platform"
England,"Advisor, Data Science Management Consultant",70500.0,"Azure, Software deployment, Google Cloud Platform, Business development, AWS"
Northern Ireland,Research Associate in Data Science - Smart Manufacturing Data Hub (2 posts),50000.0,"OOP, Machine learning, Deep learning, Natural language processing, Data science"
England,Experienced Statistical Programmer,44000.0,"Statistics, Azure, SAS, Big data, Software deployment"
England,Operations Lead Data Scientist,63500.0,"Azure, Big data, Spark, R, Data analysis skills"
England,Big Data Solutions Architect,76000.0,"Machine learning, Mentoring, IT, Leadership"
England,Director - Data Science,35000.0,"Azure, DevOps, Google Cloud Platform, Java, AWS"
England,Machine Learning Researcher,28000.0,"Machine learning, Deep learning, Natural language processing, Communication skills, Graph databases"
England,Sr. Applied Scientist - Global Operational Excellence,97500.0,"TensorFlow, Software deployment, Git, Machine learning, Legal drafting"
England,Data Engineer (AI/ML),78500.0,"Machine learning, Organisational skills"
England,Machine Learning Engineering Manager,38000.0,"Data mining, R, SQL, Statistical analysis, Machine learning"
England,Data Science Lead,99500.0,"TensorFlow, Machine learning, Deep learning, Natural language processing, Software development"
England,Natural Language Processing Researcher,57500.0,"C#, Microsoft SQL Server, Java, SQL, C++"
England,Senior Machine Learning Research Scientist,50000.0,"Business development, Machine learning, Systems engineering, Agile, Data science"
England,Research Associate or Research Fellow in Machine Learning,67500.0,"Business analysis, Analysis skills, Machine learning, Quantitative analysis, Python"
England,AI Engineer,67000.0,"Statistical software, Power BI, Microsoft Excel, Azure, SAS"
England,"Machine Learning Engineer II - Content, NLP, LLM",58500.0,"Machine learning, Deep learning, Natural language processing, AI"
England,Cross Asset Data Scientist / NY / London/ Asia,94500.0,"Big data, Spark, R, Apache Hive, Tableau"
England,"Head of Profession – Artificial Intelligence, Machine Learning and Data Science",53500.0,"Power BI, Azure, Relational databases, QlikView, Tableau"
England,Senior Data Scientist,115000.0,"Clinical research, XML, SAS, Data structures, Project management"
,HR Data and Analytics - Insights and Product Delivery - Senior Associate,43500.0,"Azure, Sales, Google Cloud Platform, Business development, AWS"
England,Director of Data Science,62500.0,"Data analysis skills, Project management, Machine learning, Agile, Business requirements"
England,Data Science Platform Engineer,77000.0,"Programme management, Waterfall, Big data, Software development, Project management methodology"
Northern Ireland,"Senior Consultant, Data Engineering, Data & Analytics, Assurance, Belfast",43000.0,"R, Presentation skills, Machine learning, Python"
,Statistical Programmer II (Home based in EMEA),85000.0,"Data modelling, Kubernetes, Big data, Spark, Machine learning"
England,Managing Consultant - Data & AI Strategy - Data Management,79500.0,"TensorFlow, Azure, Big data, DevOps, Spark"
England,AI Applications Specialist (18-month FTC),58000.0,"Machine learning, Deep learning, Natural language processing, AI, Python"
England,Engineering Programme Manager - Marketing Analytics,74500.0,"Azure, Google Cloud Platform, AWS, Business requirements, Communication skills"
England,Senior Data Scientist,55000.0,"Data mining, Java, PHP, C++, C"
England,Machine Learning Engineer,52000.0,"English, Machine learning, Deep learning, IT, Communication skills"
England,AI Engineer,65000.0,"TensorFlow, Azure, Go, Kubernetes, Software deployment"
England,"Research Engineer, Language - Generative AI",39500.0,"SQL, APIs, Python"
England,"SVP, Product (Advanced Analytics)",65500.0,"Data mining, Teaching"
England,"Software Engineer, Machine Learning",68000.0,"TensorFlow, Image processing, Signal processing, Kubernetes, Git"
England,"Senior Applied Research Scientist, Deep Learning for RNA",55000.0,Machine learning
England,Principal Data Scientist/Artificial Intelligence Engineer,62500.0,"Kubernetes, AWS, Maths, Docker, Machine learning"
England,"Senior Pricing Data Scientist, Retail pricing team",75500.0,"TensorFlow, Performance tuning, Azure, Kubernetes, Big data"
England,Lecturer / Senior Lecturer in Data Science,85000.0,"Azure, Machine learning, Deep learning"
,Senior Applied Scientist (Computer Vision / Machine Learning),97500.0,"Machine learning, Python, Arduino, Raspberry Pi"
England,ML Engineer,98000.0,"Kubernetes, Google Cloud Platform, Statistical analysis, Machine learning, Natural language processing"
England,Machine Learning Engineer - NLP,80000.0,"Kubernetes, DevOps, OOP, AWS, Machine learning"
England,AI Operations Specialist,95000.0,"Microsoft Excel, Financial report writing, Tableau, Analysis skills, Data visualisation"
England,Machine Learning Engineer / Researcher,41000.0,"Cloud infrastructure, Azure, Kubernetes, English, Google Cloud Platform"
England,Research Associate/Fellow in (a) Experimental High Throughput Materials Discovery OR (b) Computational Materials with Machine Learning (Fixed term),85000.0,"Software deployment, AWS, Presentation skills, AI"
England,Machine Learning Engineer (NLP) - Trust & Safety,40000.0,"TensorFlow, Big data, Analysis skills, Maths, Machine learning"
England,"Manager, Data Science Engineering",80000.0,"Management, Machine learning, Data science, Python, Time management"
,Marketing Analytics Lead,74500.0,"Jira, Kubernetes, Spark, Trello, Docker"
Scotland,"Python and Kubernetes Software Engineer - Data, AI/ML & Analytics",103500.0,"C++, Machine learning, Python"
England,Senior Consultant Data & AI Strategy - Operating Model,97500.0,"TensorFlow, Azure, English, Google Cloud Platform, AWS"
,NLP / LLM Scientist - Applied AI ML Lead - Machine Learning Centre of Excellence,51500.0,"TensorFlow, Data modelling, Data structures, Machine learning"
England,Mid-Level Analytics Consultant - ID&F,44000.0,"Jira, Power BI, Data structures, Tableau, SQL"
England,Data & AI Platform Product Manager,47000.0,"Google Cloud Platform, AWS, C++, Maths, C"
England,Machine Learning Engineer,53500.0,"Data analysis skills, Statistical analysis, Machine learning, Data science, Communication skills"
England,AI / ML Engineer,70000.0,"Software deployment, AWS, Docker, Machine learning, Deep learning"
England,Machine Learning Engineer,75500.0,"Big data, Machine learning, Deep learning, Cloud computing, Data science"
England,Analytics Consultant,63000.0,"R, Data analysis skills, Machine learning, Predictive analytics, Data science"
England,Machine Learning Engineer,85500.0,"TensorFlow, TCP, Fortran, C++, C"
,"Vice President, Applied Artificial Intelligence & Machine Learning Lead, Markets Operations",50000.0,"Data analysis skills, Maintenance, SQL, Database management, C"
England,Machine Learning Engineer,40000.0,"TensorFlow, Machine learning, Communication skills, Python"
England,Head of Data Science - Global Solutions,110000.0,"Elasticsearch, Spark, R, NoSQL, Google Cloud Platform"
England,Senior Principal Data Scientist,77000.0,"Statistical software, R, English, Machine learning, Public health"
England,Research Engineer AI for Isambard - AI Advanced Collaboration Center,80000.0,"ASP.NET, Power BI, ERP systems, Quality management, SQL"
England,"Senior Manager, Fundraising Data & Analytics",70000.0,"R, Business analysis, Data analysis skills, SQL, Analysis skills"
England,Machine Learning Engineer - Spacetime (UK),116500.0,"TensorFlow, Elasticsearch, React, Kubernetes, DevOps"
England,Principal Data Scientist,64000.0,"Machine learning, Deep learning, Natural language processing, AI"
England,Principal Biostatistician,47500.0,"TensorFlow, Cloud infrastructure, Azure, Adobe Flash, Microsoft Office"
England,BI and Data Manager (hybrid working),136000.0,"Software deployment, R, English, Statistical analysis, Django"
England,AI Business Analyst,66500.0,"Data modelling, Data mining, Big data, R, SQL"
,"Senior Full Stack Engineer, Deep Learning Algorithms",69000.0,"Big data, Data structures, R, Project management, C"
England,Director of Data Science,54000.0,"Product development, Machine learning, Natural language processing, Agile"
England,Machine Learning Research Engineer,87500.0,"Public health, Data science, Teaching"
England,Statistician / Senior Statistician,65000.0,"TensorFlow, Spark, Data analysis skills, Apache Hive, SQL"
England,Director of Data Analytics,87500.0,"Statistics, Go, Software deployment, Git, Google Cloud Platform"
England,"Vice President, Applied AI",46500.0,"Supply chain, Google Cloud Platform, AWS, Machine learning, Data science"
England,"Engineering Manager, Data & Machine Learning",56500.0,"TensorFlow, AWS, Docker, Machine learning, Natural language processing"
England,Professor of Public Health and Health Data Science,89000.0,"Java, C++, Project management, C, Machine learning"
England,Applied AI/ML Senior Associate - HR Data & Analytics,41000.0,"Data mining, R, Python"
England,Machine Learning Engineer - Flex,33000.0,"SAS, R, English, Statistical analysis, Machine learning"
England,Lead Engineer (Senior Supply Chain Data Scientist),57000.0,"Rust, Go, Data structures, Logistics, Machine learning"
England,"Machine Learning Engineer: LLM, NLP, GenAI",79500.0,"Git, English, Google Cloud Platform, SQL, AWS"
,Machine Learning Engineering Manager,66500.0,"Business development, AWS, Product management, Deep learning, Data science"
England,Senior Strategic Analytics Lead,71000.0,"Sales, Business analysis, Change management, Machine learning, Data management"
England,"Principal Statistician, Research Statistics",56000.0,"TensorFlow, Azure, Software deployment, Git, Google Cloud Platform"
England,Machine Learning Engineer - Operational Research,42000.0,"Git, SQL, AWS, Docker, Machine learning"
England,Machine Learning Engineer,40500.0,"Sales, AI, Communication skills"
England,Generative AI Specialist SA,65000.0,"Machine learning, Natural language processing, Data science, Python"
England,Data Analytics - Principal Consultant,68000.0,"System design, Application development, Machine learning, Natural language processing, Agile"
England,AI / ML Engineer,52500.0,"SAS, R, Tableau, SQL, Product management"
England,AI Engineer,60000.0,"Data modelling, Big data, Spark, SQL, AWS"
England,Expert Sales - Intelligent Bioengineering and AI,47500.0,"Data analysis skills, Customer relationship management, Organisational skills, Leadership, Communication skills"
England,Principal Data Scientist,56500.0,"Power BI, R, Data analysis skills, SQL, Analysis skills"
Scotland,"Applied AI ML Director (Python, NLP, LLMs) - International Private Bank",54000.0,"TensorFlow, Kubernetes, Google Cloud Platform, Natural language processing, APIs"
England,Senior Data Scientist - Search,59000.0,"Statistical software, Big data, R, Computer skills, Data science"
England,"Team Lead, Data Science",104500.0,"Azure, Software deployment, Google Cloud Platform, AWS, Presentation skills"
Northern Ireland,"Manager, Data & AI Strategy, Data & Analytics, Belfast",87500.0,"TensorFlow, OS Kernels, C++, C, Machine learning"
Scotland,Analytics Lead,71000.0,"Statistical analysis, Machine learning, Linux, Data visualisation, Communication skills"
England,AI/ML Software Engineer,65000.0,"Machine learning, Mentoring, Software development, Agile, Data science"
England,Senior Research Statistician,70000.0,"TensorFlow, Kubernetes, Data analysis skills, AWS, Docker"
England,Data Science Consultant,72500.0,"TensorFlow, Data mining, Data structures, Spark, R"
England,"Machine Learning Engineer, Scaling and Performance",76000.0,"Machine learning, AI"
England,"Senior Principal Scientist, Research Analytics",72500.0,"Kanban, Project management, Machine learning, Scrum, Agile"
,Applied AI ML Lead - CIB Securities Services,100500.0,"Statistical analysis, Machine learning, Deep learning, Python"
England,Senior Principal Cheminformatics Data Scientist,115000.0,"MATLAB, Business intelligence, SAS, Supply chain, R"
England,Senior Applied Scientist,45000.0,"Microsoft Powerpoint, Microsoft Word, Microsoft Excel, R, Microsoft Office"
England,Value Consultant - Causal AI,50000.0,"OOP, C++, Machine learning, AI, Communication skills"
England,AI Solutions Consultant,72500.0,"Go, Salesforce, Google Cloud Platform, SQL, AWS"
England,ML Engineer,66000.0,"Statistics, Power BI, R, SQL, Data visualisation"
England,"Sr. Data Scientist, EU S/C, Supply Chain Science",65000.0,"Software development, Data science, AI, Communication skills, Python"
England,"Manager, Marketing Mix Modelling (MMM) & Data Science",40000.0,"TensorFlow, Machine learning, Distributed systems, Deep learning, Natural language processing"
,Software Engineer - Machine Learning (PyTorch),68500.0,"TensorFlow, C++, C, Deep learning, Python"
England,Data Scientist - Go-to-Market (GTM) Applied AI team,90000.0,"Jira, Power BI, Data structures, Tableau, SQL"
England,Senior Analyst - Product Analytics,61000.0,"Software deployment, SQL, Machine learning, Data science, Communication skills"
,"Vice President, AI Engineering Lead - Markets Operations",103000.0,"Data analysis skills, Statistical analysis, Project management, Machine learning, AI"
England,"Staff ML Engineer, Large Language Models",88000.0,"TensorFlow, System design, Analysis skills, Machine learning, Deep learning"
England,Research Associate in Generative Deep Learning for Synthetising Virtual Patient Populations for In-Silico Trials,82000.0,"Cloud infrastructure, Configuration management, Google Cloud Platform, SQL, Machine learning"
England,Analytics Manager,74500.0,"TensorFlow, Image processing, Unreal Engine, Docker, Machine learning"
England,Machine Learning Engineer,74000.0,"Data analysis skills, Business development, Maths, Machine learning, IT"
,Applied Artificial Intelligence & Machine Learning Lead - Vice President,55000.0,"Jira, Power BI, Azure, Software deployment, Git"
England,Machine Learning Engineer (PAI),86000.0,"R, Microsoft SQL Server, Mentoring, Data science, Leadership"
England,Senior Machine Learning Engineer (AI),119000.0,ATS
England,Senior Machine Learning Engineer,69500.0,"TensorFlow, Spark, R, Java, C++"
England,"Consultant, Data Science and Business Analyst, AI & Data, Defence & Security",77000.0,"Machine learning, APIs, Communication skills, Python"
Northern Ireland,Research Fellow – Applied Researcher for Artificial Intelligence Collaboration Centre (AICC) - 2 posts,90000.0,"Cloud computing, Python"
England,Senior Manager - Data Science,56500.0,"TensorFlow, Java, C++, Machine learning, Natural language processing"
England,Marketing Data Science Manager,87500.0,"TensorFlow, Cloud infrastructure, Kubernetes, Configuration management, AWS"
England,Head of AI,115000.0,"Machine learning, Product management, Organisational skills, AI, Requirements gathering"
England,"Senior Applied Scientist, AGI - Intelligent Decisions",102500.0,"TensorFlow, Data analysis skills, Machine learning, Biochemistry, Deep learning"
England,Data Science Manager (US Products),90000.0,"Elasticsearch, Power BI, TCP, System administration, Business intelligence"
England,Senior Data Scientist - Cricket,48000.0,"TensorFlow, Cloud infrastructure, Azure, Data structures, English"
,Machine Learning Engineer (Medical),47000.0,"Data mining, Spark, R, Apache Hive, Java"
England,Machine Learning Engineer,52000.0,"XML, SAS, Maths, FDA regulations"
England,"Product Manager, Machine Learning",136000.0,"TensorFlow, Azure, Google Cloud Platform, AWS, Maths"
England,AI/ML Engineer - Sequence Learning,72500.0,"CRM software, Power BI, Data modelling, Microsoft Excel, Google Tag Manager"
England,Lead Big Data Engineer,37500.0,"TensorFlow, Image processing, Signal processing, Kubernetes, Git"
England,Machine Learning Engineer,75500.0,"SQL, Maths, Portuguese, Python"
England,Software Engineer (Leadership) - Machine Learning,79500.0,"Azure, Management, Relational databases, SQL, Maths"
,Senior Statistical Programmer I,50000.0,"Power BI, Tableau, SQL, Data science, Data visualisation"
,Senior AI/Machine Learning Scientist,44000.0,"R, English, SQL, Data science, Communication skills"
England,BHP Clinician Scientist - Institute of Applied Health Research - 104092 - Clinical,50500.0,"Machine learning, Natural language processing"
England,Marketing & Performance Analyst,51500.0,"Sales, Lead generation, Business development, Machine learning, Sales pipeline"
,Staff Applied Scientist (Computer Vision / Machine Learning),81500.0,"R, Presentation skills, Machine learning, Python"
England,Analytics Lead,81500.0,"Image processing, SQL, Machine learning, Data science, AI"
England,Director of Data Science,55000.0,"Machine learning, Software development, IT, Communication skills"
England,Analytics Manager,55500.0,"TensorFlow, Spark, Java, AWS, C++"
England,Data Science Senior Manager,26000.0,"Data modelling, Sales, Data structures, Machine learning, AI"
England,NLP Quant Specialists,39500.0,"Business development, AI"
England,Industry AI & HPC Business Development Representative,76500.0,"Cloud infrastructure, Confluence, Data science, AI"
England,Senior Research Statistician,137500.0,"Statistical software, SAS, R, Git, SQL"
England,Senior Machine Learning Scientist (Viator),51000.0,"R, SQL, Communication skills, Python"
England,Staff Machine Learning Engineer,64500.0,Teaching
Scotland,"Principal Applied Scientist, Personalization Team",74500.0,"TensorFlow, Azure, Software deployment, Data structures, Git"
England,Qlik Sense Developer - Sales Performance Analytics,34000.0,"Big data, Scientific research, Spark, Microservices, Machine learning"
England,"AI Senior Manager, R&D - Life Sciences",48500.0,"Business intelligence, Procurement, SAP, Supply chain, ERP systems"
England,Solution Lead,69000.0,"Machine learning, Data science, AI, Leadership, Communication skills"
England,"Predictive Modeller - Pricing Analytics, Global Pricing",78500.0,"Project management, Product management, UX, Software development, IT"
England,Senior Analyst - Customer Analytics,65500.0,"Azure, Google Cloud Platform, AWS, Machine learning, Data management"
England,"Lecturer / Senior Lecturer in Data, AI and Society",78500.0,"R, Data analysis skills, Git, Tableau, SQL"
Scotland,"Applied AI/ML Lead - Python, NLP, LLMs",65000.0,"TensorFlow, Azure, Data mining, Go, Laboratory experience"
,Applied AI ML - Sr. Associate - Machine Learning Engineer,60000.0,"Data mining, German"
England,Analytics and Insights Manager - Global Operations,51500.0,"Clinical research, SAS, Application development, Leadership"
England,AI Director,79500.0,"Machine learning, Natural language processing, Data science, Python"
England,Head of AI Labs,90000.0,"TensorFlow, SQL, OOP, Database management, Docker"
England,Senior Consultant - Data & AI Strategy - Data Strategy,94500.0,"Git, AWS, AI, Python"
England,Senior Data Analysis Manager - Flex IC's,80000.0,"C++, Machine learning, Python"
England,Natural Language Processing Engineers,67500.0,"Data mining, Git, Presentation skills, Machine learning, Mentoring"
England,Assistant Professor (Lecturer) in Data Science,77000.0,"Power BI, SQL, Machine learning, IT, Data science"
,Senior Statistical Programmer,67000.0,"Power BI, Waterfall, Kanban, Qualtrics, Project management"
England,Lead Data Scientist,77500.0,"Google Cloud Platform, SQL, Machine learning, Scrum, Business requirements"
England,Machine Learning Engineer - Computational Biology,43000.0,"Kubernetes, Relational databases, DevOps, OOP, AWS"
,Senior ML Engineer – Chemistry42 (Canada),77500.0,"TensorFlow, Machine learning, Deep learning, Leadership, Communication skills"
England,Machine Learning Engineer - Security Cleared,40000.0,"Machine learning, Deep learning, Mentoring, Data science"
England,"Associate Director, Data Science and Machine Learning",65500.0,"TensorFlow, Kubernetes, Spark, Apache Hive, Java"
England,Assurance - Financial Services - Forensics - Forensic Data Analytics - Senior - London,44000.0,"R, Git, SQL, Telecommunication, Agile"
England,People Analytics Project Manager,70000.0,"Performance tuning, Data modelling, Oracle, Relational databases, C#"
England,Senior Analytics Engineer (dbt & Looker),90000.0,"Machine learning, Mentoring, IT, Leadership"
England,Lead Data Science Engineer,75000.0,"TensorFlow, Azure, Kubernetes, Git, Google Cloud Platform"
England,Senior Machine Learning Researcher,44000.0,"Machine learning, Project implementation, AI"
Scotland,"Principal Applied Scientist, ADSP: Contextual Targeting",48000.0,"Image processing, Software deployment, Google Cloud Platform, SQL, Machine learning"
England,Machine Learning Engineer III,46500.0,"C#, Java, OOP, C++, Machine learning"
England,"Senior Advisor, Data Science Management Consultant",87000.0,"Cloud infrastructure, Confluence, Data science, AI"
,Integration Engineer (Mumbai) (Remote),53000.0,"Software deployment, AWS, Distributed systems, Cloud computing, IT"
England,"Senior Machine Learning Engineering Manager, Personalization",87500.0,AI
England,Senior AI Consultant,41000.0,"English, Analysis skills, Machine learning, Product management, Deep learning"
England,AI Skills Hub Program Lead,69500.0,"Azure, System architecture, English, AWS, Machine learning"
England,Lead AI Developer,65000.0,"Analysis skills, AI"
England,"Machine Learning Engineer, Sponsored Display",67500.0,"Machine learning, Natural language processing, Data science, Python"
England,Solution Lead,64500.0,"Analysis skills, Project management, Product management, Agile, Data science"
England,"Deep Learning Architect, Generative AI Innovation Center",79500.0,"Project management, Communication skills"
England,Responsible AI Strategy & Training Manager,105000.0,"Java, AWS, C++, Machine learning, Deep learning"
England,AI Product Manager,95000.0,"Cloud infrastructure, Azure, Rust, Kubernetes, Big data"
England,Senior Machine Learning Engineer (UK),43500.0,"Software deployment, SQL, Machine learning, Natural language processing, Software development"
England,AI Product Development Manager,74000.0,"Java, Scala, Natural language processing, Agile, Python"
England,Senior Data Scientist,94000.0,"Statistics, Tableau, SQL, Regression analysis, Data visualisation"
England,AI Lead,54500.0,"Programme management, Analysis skills, Communication skills"
England,"HR Business Partner - Global E-Commerce - Product, Design & Data Science - London",63000.0,"Data structures, C++, Machine learning, Distributed systems, Natural language processing"
England,"Sr. Applied Scientist, AWS Prototyping",77500.0,"Data modelling, Business intelligence, SQL, Analysis skills, Data visualisation"
Scotland,AI/ML and MLOps Field Engineer,57000.0,"Jira, Power BI, Management, Alteryx, Tableau"
England,Lead Machine Learning Engineer (Remote),72000.0,"Power BI, Data analysis skills, Tableau, SQL, Statistical analysis"
England,"Senior Applied Scientist, NLP",68500.0,"Azure, Kubernetes, DevOps, Deep learning, Natural language processing"
England,Lead Product Analyst - AI Chat,76000.0,"Azure, Google Cloud Platform, Java, AWS, C++"
England,"Leader, Strategic Workforce Planning",66500.0,"Azure, Big data, Presentation skills, AI, Communication skills"
England,"Machine Learning Compiler Software Engineer, TPU Horizontal Scaling",78500.0,"Software deployment, Machine learning, Deep learning, Organisational skills, Software development"
England,Senior Analytics Engineer (Viator),85000.0,"TensorFlow, Cloud infrastructure, Machine learning, Terraform, Communication skills"
England,"Vice President, EIA Data Analytics",67500.0,"TensorFlow, Azure, Kubernetes, Google Cloud Platform, AWS"
England,Group Marketing Analytics & Insights Manager,66500.0,"R, Data analysis skills, Machine learning, Predictive analytics, Data science"
England,Artificial Intelligence Engineer,70000.0,"TensorFlow, Machine learning, Mentoring, Natural language processing, Communication skills"
England,"Senior Software Engineer - Machine Learning, LLM - London/Remote",63000.0,"Statistics, C#, Java, OOP, AWS"
England,Senior Consultant - Analytics & Artificial Intelligence - Data & AI Architect,78000.0,"Cloud infrastructure, Google Cloud Platform, OOP, AWS, Machine learning"
England,"Lead of Machine Learning Engineering, RNA Therapeutics",69500.0,"TensorFlow, Data mining, Big data, Spark, R"
England,Machine Learning Engineering Manager,78500.0,"TensorFlow, R, SQL, Analysis skills, Machine learning"
,"Post-Sales Machine Learning Engineer, Customer Success - EMEA (Remote)",76500.0,"TensorFlow, Azure, Kubernetes, Software deployment, DevOps"
England,Associate Director Data Science,67500.0,"R, Java, Supervising experience, Machine learning, Perl"
England,Sr. Machine Learning Engineer II,81000.0,"Data modelling, Azure, AWS, Machine learning, Distributed systems"
England,"Machine Learning Engineer, Video Quality Analysis",48000.0,"Azure, Management, Relational databases, SQL, Maths"
England,Machine Learning Engineer OPS - (LLM - Open AI GPT Models),39000.0,"Machine learning, Google Search Console, AI, Communication skills, Python"
England,"Sr. Applied Scientist LLM/LVM, Contextual Ads",65500.0,"Data analysis skills, APIs, Data science, Communication skills"
Northern Ireland,"Senior Manager, Data Science, Data & Analytics, Belfast",115000.0,"Azure, Node.js, CSS, DevOps, C#"
,"Lead Decision Scientist, Machine Learning Engineer, UK 2024",74500.0,"SQL, Team management, Driving, Data science, Python"
England,Research Associate in Machine Learning for Genomics,65000.0,"TensorFlow, Data analysis skills, Git, English, SQL"
England,Machine Learning Engineer 3D Geometry/ Multi-Modal,33000.0,"TensorFlow, Software deployment, NoSQL, English, MongoDB"
England,Director of Data Science,80000.0,"TensorFlow, Elasticsearch, Azure, Data structures, Git"
England,Senior ML Engineer,74500.0,"TensorFlow, Machine learning, Deep learning, Mentoring, Scrum"
England,Expert Analytics Engineer,56500.0,"TensorFlow, Image processing, Signal processing, Kubernetes, Git"
England,Engineering Innovation AI Lead,41000.0,"Analysis skills, Machine learning, Natural language processing, IT, Data science"
England,Principal Data Scientist - Retention,105500.0,"Data structures, C++, Machine learning, Distributed systems, Natural language processing"
,Senior/Middle+ ML engineer (UAE),85000.0,"Statistics, SAS"
England,Assistant Professor (Research and Education) of Environmental Health Data Science - College of Life and Environmental Sciences - 101769 - Grade 8,35500.0,"Data structures, R, Git, Java, Docker"
Scotland,Senior/Staff ML Scientist – Retrosynthesis,56000.0,"TensorFlow, Kubernetes, Big data, Spark, English"
England,Digital Audit - Senior Associate - Gen AI Pod,122500.0,"Management, Data management, Informatica, Leadership, Communication skills"
England,Senior Machine Learning Developer,40000.0,"Power BI, Azure, Data mining, Big data, Spark"
,Senior Applied Scientist,40500.0,"SQL, APIs, Python"
England,Senior Machine Learning Engineer,124000.0,"Node.js, Machine learning, AI"
England,"Staff Software Engineer, Applied Machine Learning",65000.0,"TensorFlow, Sourcing, Data structures, Configuration management, Machine learning"
,Principal Statistical Programmer - FSP (Permanent Homebased / Remote),75000.0,Machine learning
England,Sr. Machine Learning Engineer,115000.0,"MATLAB, Machine learning, Continuous integration, Deep learning, Software development"
England,Senior Data Scientist,75000.0,"Azure, IT, AI, Communication skills"
Northern Ireland,"Senior Manager Data Governance, Data & Analytics, Belfast",46000.0,"Software deployment, SQL, Machine learning, Data science, Communication skills"
England,Tech Lead (Gen AI),106500.0,"TensorFlow, Statistics, Big data, Spark, R"
England,"Senior/Lead Pricing Data Scientist, Net pricing Team",57500.0,"Underwriting, Maths, Project management, Agile, Financial services"
England,Research Fellow in Mathematical Foundations of AI and Machine Learning,43500.0,"Machine learning, Natural language processing, Agile, AI"
England,"Senior Machine Learning Engineer - UK, Hybrid",83500.0,"Statistical software, Data analysis skills, Machine learning, Data science, Python"
England,Machine Learning Equity Quant Researcher/ Flexible Location,95000.0,"TensorFlow, Image processing, Operating systems, Test automation, Git"
,Research Fellow in Scientific Machine Learning,52000.0,"Data structures, System design, Product development, Machine learning, Natural language processing"
England,AI Strategy Lead,50500.0,Machine learning
England,Machine Learning Engineer / Remote/ $High,52000.0,"Kubernetes, Software deployment, Spark, NoSQL, Docker"
England,MACHINE LEARNING SPECIALIST,77500.0,"Machine learning, Natural language processing, Data science, Python"
England,Head of Document AI Ingestion,100000.0,"TensorFlow, Azure, Kubernetes, AWS, Docker"
England,Senior AI | Machine Learning Engineer,48000.0,"TensorFlow, Image processing, Unreal Engine, Docker, Machine learning"
England,Director of Analytics Consulting - Credit Risk,65000.0,"Machine learning, AI, Leadership, Communication skills"
England,Senior Machine Learning Engineer,67500.0,"TensorFlow, Software deployment, AWS, Docker, Machine learning"
England,"Backend Engineer, Data & Machine Learning",64500.0,"French, Sales, R, Lead generation, English"
England,Deep Learning Researcher (PhD) - HFT (Amsterdam),144000.0,"Azure, Go, Google Cloud Platform, Java, AWS"
England,Data ML Engineer,42000.0,"TensorFlow, Operating systems, Test automation, Git, Test-driven development"
England,Data Science Lead,70000.0,"TensorFlow, Google Cloud Platform, OOP, AWS, Analysis skills"
England,Machine Learning Engineer,42500.0,"TensorFlow, Software deployment, C++, Maths, Machine learning"
England,Machine Learning Engineer,68000.0,"English, Biochemistry, Deep learning, AI, Communication skills"
England,AI Regulation & Governance Senior/Managing Consultant,52000.0,"TensorFlow, Azure, Relational databases, C#, Spark"
England,Machine Learning Engineer,40000.0,"Power BI, SAFe, React, Kanban, R"
England,"Enterprise Data - Sales Specialist - Research, ESG & Data Science Products, Specialist Sales - Financial Solutions",94000.0,"Data modelling, Software deployment, MongoDB, Microservices, AWS"
England,"Senior Machine Learning Infrastructure Engineer, Music",37500.0,"Azure, Tableau, SQL, Analysis skills, Swedish"
England,Senior Machine Learning Scientist/Engineer,52500.0,"Oracle, Cloud architecture, CSS, DevOps, PaaS"
England,Machine Learning Engineer,90000.0,"Data science, Account management, Communication skills"
England,Senior AI/ML Engineer - Computer Vision,41000.0,"TensorFlow, Cloud infrastructure, Software deployment, C#, SQL"
England,"Applied Research Scientist, Explainable Deep Learning in BioAI",49920.0,"TensorFlow, Software deployment, NoSQL, English, MongoDB"
England,Azure AI Solutions Architect,73500.0,"Machine learning, Natural language processing, Data science, Python"
